id,status,opponent_id,my_color,my_score
0xgNwz4a,mate,jes108,white,1
lNhRsJXh,resign,pulsar33,black,0
QtjHcuT6,resign,rf1894,white,1
IgQJOxTk,resign,hadach-hcadah,black,0
JjLncnKX,resign,grek16,white,1
1OKd6DC0,resign,sirotkinsv,black,0
Kn6AVAn1,resign,snanda85,white,0
AsZX8Jj7,outoftime,ebichessman,white,0
EUCfTer8,resign,rcvorkov,white,0
6SQ32RUa,outoftime,fara_cyara,black,0
0jWLMx4L,outoftime,emagalis,black,0
ptC5cfAs,resign,dududepetrolina2020,black,1
dQ7Ci9na,mate,nign25,white,0
2pNfPdUg,resign,samthegambler,white,0
CoiKqBwc,resign,marshall_vovan,white,1
WJmH18h3,resign,anthano,black,0
K5GNQlk2,resign,shan953,black,1
q2SXCx19,resign,ups-40-25,white,0
sg6IimcP,resign,gpuall,black,0
GVtohlPM,outoftime,xcariba,black,1
m3SwMzwv,outoftime,gautama11,white,0
wlu9pc9i,timeout,luisdiego22,black,0
v7Kij2ov,mate,tengizze,white,0
kwXGCHiZ,resign,pangguitar,black,0
acaWCBpp,resign,alexm136,black,1
OdVx4Djk,outoftime,jaber9700,white,0
9oX0F4EV,resign,mr_3rai3,white,0
TdxfzB2c,resign,owinoezekiel,black,0
sc0mHdhw,outoftime,ahmedjr2000,white,1
JIFXQ8vn,resign,trio_chess_player,white,1
ocp6KAOl,outoftime,esheep,black,0
RpKFdLR2,mate,olenaromanchenko,black,0
rvm7Ptbf,resign,sflores,white,0
gbM47IQ2,resign,cap985437,black,0
X7crV7eF,mate,samar1950,white,1
ul53sTsj,resign,rashidkosti,white,0
5dIyri4W,resign,matthias_holz,black,0
xQvHcEyS,mate,thisiscemil,white,1
AZMqHVxJ,mate,omidlbimo,black,0
yIoWXkMN,resign,beastsgambit,black,0
v4XTF21C,outoftime,anung,white,1
HIiW1KWR,resign,toherishe,white,0
GFtbiYMN,resign,kamkabi,black,0
RTddZ8Zy,mate,catsaresocool,black,0
mTIe2Cta,resign,mohammedtorab,white,1
UaJTpf9R,resign,bakter11,black,1
4zNVvlCJ,mate,andrewqss,black,0
oHQhPO3a,resign,razruschitel08,white,0
GfooWxNT,resign,kamkabi,white,1
4JUDnYDT,resign,letyu_fly,white,0
BUB8T4jP,mate,khschulte,black,1
6eQ0Sjph,mate,deerdragon,black,0
leRrLdP3,resign,abhiraj_d,white,1
Ff3CJBpJ,mate,pawanpunetha,white,1
BhFFMeKM,resign,ivanklugge,black,1
cQEMDDYq,mate,moshin4786,white,1
ZO74KFXT,resign,deansofficial,black,1
CwbAETNk,resign,alishta,white,0
u6DHrPTC,draw,oliver_24109,black,0.5
PKIE95PB,resign,rohallah62,black,0
XxmgIGrS,timeout,jean_gas,white,0
UQQnEd2Z,mate,vyacheslav26,black,1
zDoMmBeP,resign,littlechessgirl2018,white,0
dLZbFrJP,outoftime,nasser111111,black,1
Yxj6hbCh,resign,mamayka1993,white,0
6OuWFmFe,resign,zweeeuro,black,1
Bm8uchHf,resign,muneko,white,1
0T1mxDCe,resign,viktor195511,black,0
C7DZGN4K,resign,olik13,white,0
zKoBPuhC,outoftime,djaylad,white,1
RMgLHK4E,resign,txusette,black,1
P4e1PvfR,resign,beli_look,white,0
j8UBywgm,resign,hagmo,black,0
SjdHSYcK,resign,bezyjmbla,white,1
4Fhj00vK,resign,ahmed_hosny82,black,1
wKpQlBOz,mate,ivan1970,white,1
EMyTfuQM,resign,hussenlippa,black,1
hRF0ezaJ,outoftime,nurdreiminuten,black,1
TjcXuYKY,timeout,dannyking31,white,1
fPadBVkL,resign,rationalkashif,white,0
UjZeydFg,resign,saman1983,black,0
8KYjeZQj,resign,vladimir045,white,1
ABP0fhZ4,resign,yudek,black,0
G8BTkwLk,resign,artrix002,white,0
LKM3id9O,outoftime,ahmed145647588454664,black,0
kWO7zr1A,mate,the-real-boyka,white,0
JKIrSYq6,mate,helenkruglova,white,0
BOPhaLl9,resign,rolf_bayer,white,1
Hs3lpaup,resign,maxacademic,black,1
HSPt4c4l,resign,dagallo,black,0
1Ps2jbgW,outoftime,olliderorangutan,black,1
7olqBsI5,resign,popol5454,white,0
v2Bd4yQH,mate,eirik86,white,1
mTtMk8ko,resign,kkenaadam,white,0
erfJ2GEO,outoftime,sqclix,white,1
9rDglOAm,resign,maadinho7,black,0
tzfZ9wwf,resign,kolekoko,black,0
l406pOgQ,timeout,bentoumi,white,1
MwLvBen0,resign,chinapx9,black,1
uNesq15P,outoftime,manjinela,white,1
xgH1g9mL,resign,xsalar,black,0
f1V3NaK9,resign,kunayanakletos,black,0
n6YsgWfe,resign,samooche,white,0
6J3QzSXu,resign,paimas,white,1
dpq41qRR,resign,spiritualpunk,black,1
ohg6Zavc,resign,rubytuesday,white,1
8nlc7U9P,resign,alislh_njd,black,0
KA4SRKGz,resign,coulax,black,0
yxw5ETh3,resign,schindler_jack,white,0
T7wRaYwY,resign,actual_knight_gaming,black,0
9VS3Nm6X,resign,bmarce,black,0
Kjgm7JpO,resign,f_u_b_a_r,white,0
x43JOik5,mate,vaeh88,black,1
LxEFxCAh,resign,mikeklg,white,1
B6z9Ms0S,mate,dmitrj19,white,0
0eBVfTwR,resign,rjrjrjrjrjrjrj,white,0
CtSGh5BB,resign,al-dr61,white,1
y4ES6Kis,mate,muhammedsinca123,black,1
6VKuUU6r,resign,b_1453,black,0
Z3NUiQA1,draw,andremoniy,white,0.5
alUW5ETa,resign,lau666,black,0
ioLdq3md,resign,haqdad,white,1
euVFHQ7J,resign,tentakl666,black,1
cWGoCuXJ,stalemate,captain-hr,black,0
YqhI3SMF,resign,captainliony,black,1
yMkAU8PD,mate,lena_yarian,white,1
WCRf0GFG,resign,robertmonk,white,1
6dfSC6P0,outoftime,kopke0403,white,1
teJtOvkn,mate,sergyy,black,1
yygCTXGN,resign,sergyy,white,0
8FIfHHtf,mate,ahmedomardraz,white,1
eawIJz6X,resign,uhnju,black,1
BYtnvPg5,outoftime,andreas_r,black,0
Wc9JeGWD,resign,kulturbanause,white,0
jhKbL4dG,resign,kitpack,black,1
lr70saBx,mate,tronious,black,1
wngNmXPv,mate,midress85,white,0
bYln5sZe,draw,marcelojaques,white,0.5
C6LUYTeU,mate,timubu,white,1
2wccmhYb,outoftime,fkjem,black,1
7cFreveG,outoftime,juan99ajedrez,black,1
6zvRAMkG,resign,santuten,white,1
roUUp1uw,outoftime,clementthecat,black,1
3RBqYdxG,resign,dany0567,black,1
VOUv3iqN,mate,venkison,white,1
izVuq71L,resign,konstantin_cherkas,black,1
yMU8mPFT,resign,standesu,white,0
R90gCUoC,resign,geva99,white,1
SMpcnf3K,outoftime,ercan_ozturk,black,0
C6VSKDIg,resign,alirezahovize,white,0
P728jBDB,resign,huguesdr56,white,1
LjxBOaaq,resign,snageswararao1969,black,1
9Dl03G1P,mate,osamash8,black,1
wNdiC0l7,resign,aj-ak47,black,0
fVaQNPAj,mate,sigulm,white,1
YugDUfWN,stalemate,youcefbkd,black,0
MIezJ3cm,resign,fuad1972,white,0
1v6CRgOS,draw,tbazzi,black,0.5
hh04VdEo,resign,chanhiuying,white,0
QtecyESL,resign,mehrikhb,black,0
it1MlQ5W,resign,bm1964,white,1
pmiaCUTn,resign,zerotelent,black,0
ekKTBgYk,resign,jaumea,white,1
sIEfEv3C,outoftime,dhirar39,white,1
9n7NNvG8,resign,basri53,black,0
9RlPi3nO,resign,back153,white,0
xEDRvfI6,outoftime,geckone,black,1
0XEpXuEP,resign,qruzo,white,1
5gEk4pSn,resign,hitujunnar,black,1
CuNIp0v4,resign,gfdchss,white,1
Q33NgiXP,resign,moneer0,white,0
u6KCiz1s,resign,glauceste,black,1
YbCfBigi,resign,asimhoca,black,0
ltXY2Vnt,resign,andalose,black,1
jxxWFmR0,resign,hannes374,white,1
oyDj95Dv,mate,abarai1,white,1
4cwVfQza,timeout,viktor195511,white,0
qtzZvdMG,timeout,gideom,white,0
gxSYPO1X,mate,ebegarko,black,1
Py30LWWv,outoftime,regn4r,black,0
i5VusopD,mate,chess_challenger,white,0
jzQ4E65Y,outoftime,lluismm,white,0
tjTbvKrb,resign,bostonluvstrump,black,0
JsHdwXEQ,draw,norazmir,white,0.5
ybeEXb0e,mate,georgii_reva,black,0
2vAsSriV,resign,stott,white,0
yQdWRytR,mate,m94m94,black,0
TwKY6QME,resign,jpl25658,white,0
jEeJPm0b,outoftime,alejandro_mo,black,1
Jrb5IFRi,resign,emara762,white,0
Eps5OTK5,resign,likgp,black,0
QN6Mv3YO,outoftime,ian_semeru,black,0
4ABT21Cx,outoftime,mesen60,white,0
185FO2nd,mate,hrishikeshc,white,0
5stIYHQo,mate,litchoad,white,0
IY6rdANi,mate,dnew1976,black,0
qQwIrwU0,timeout,whiskyrum,black,1
0sCVdNW9,mate,mariuszka75,white,0
lrHyLK9a,mate,emricw,black,1
leD3nCNu,resign,braydenb04,white,1
BhgTkjCo,outoftime,dilipkumarpd,black,1
Z8f3xNdv,resign,oleg155,white,0
QRFRYI5S,resign,jyusup,black,1
EVKvmnI6,resign,nazar_po,white,0
G2MT2pHa,resign,luismsb,white,0
OmQsYdbu,resign,tarik3,black,0
A3rn2VH1,resign,alexanderlebedev87,black,0
QH6C0t5E,resign,eisbecher85,white,0
v96tq1uf,resign,treexchess,black,1
LWdASJpx,mate,dellari98,white,0
JzAIycOK,resign,lazerahawk,white,0
96J6jwKh,resign,bibbidibobbidib00,black,0
5Qvafmyq,resign,alessandrolobos,black,0
yaTzeLBX,mate,salaa777,black,1
U7URKr8w,mate,kurdo20,white,1
654rFN77,resign,ezigenhej,white,0
7jlmPS1x,resign,madnesscarlsberg,white,1
Jy7vb07M,resign,omarrachid573,black,1
rJyjeLF5,mate,youmaria,black,1
3kHa1Bk6,mate,emzen,white,1
JNKO3Yd5,resign,elchin1986,white,1
d3hyFXtO,mate,frantwo,black,0
rml5PHD8,mate,mathieuvanas,white,0
DufsQm0K,outoftime,crapulilla,black,0
OB01hEFf,resign,pieroso,black,0
E4YZrKFh,resign,matyolu,white,1
sCeIZt4u,timeout,thomas64500,black,1
5gufl0ql,timeout,dboy2020,white,0
U7lLy2SF,resign,alizamani682,white,0
Dkdov7Dd,outoftime,jackskyhero,white,0
4efYadp9,timeout,chessrv999,black,0
MJlp85UL,mate,thevarathoma,white,0
YcnK5Puu,outoftime,arunnerforever,black,0
JcXNjCUC,resign,raco57300,black,1
LrR0t7hf,mate,wowor,white,0
eXCQwU7s,resign,turgut_eren_aksu,white,1
0jfSpF2D,mate,w123whykolaveri,black,1
00f1Zbon,mate,manpu,white,0
tq6zyQCD,mate,haso89,black,1
uJIwkm4x,draw,halejomagno1980,white,0.5
3d7PzZLO,mate,vasileca,black,0
3c3hvnAa,mate,smart2778,black,1
f7cNal23,mate,marijotablet,white,1
9SWmy8VZ,resign,magnuslostchild,white,0
U1LA0EgC,outoftime,alphaknecht,black,1
93uHZFeA,resign,harshsam1003,black,0
EsgORudN,resign,albertor27,black,0
7G4nrhpY,resign,munesh0409,white,1
YATlZPWW,outoftime,charly_ichiban,black,0
M5fZh1DD,resign,smile_baby,white,0
0baPv3vn,resign,martinvela,white,0
EOk0Phlz,resign,unsal4246,black,1
voL4biUw,mate,youssef0014,white,0
BxlOXeln,timeout,chazz2000,white,0
dcQ67e3i,resign,guma_no3,black,1
LJIFfwdX,mate,sugianto1234,black,1
CpqroXZV,resign,jucaech,white,0
HMbm4oSp,mate,yaserfergan,white,1
dhcslIzk,resign,yaserfergan,black,0
u1eO8cQV,mate,cltnechess,black,0
JtUXaUf6,mate,clam3nce,white,0
jsPHmwMW,outoftime,sergey4404,black,1
zcSld6Jv,resign,jonson111,white,0
8YozGItl,outoftime,kash397,black,1
tBmlriKT,resign,brownbreath,black,0
mwBpFze0,resign,maxcreation,white,1
yIht7e7A,resign,maxcreation,black,1
2bzUCCL7,mate,bayes777,white,1
BtJAQJDc,mate,stevexyz,black,1
lI8blyVQ,resign,luigimc,white,1
XkFjpqg3,mate,sneekynyc,white,1
2koD8Vhz,outoftime,artrix002,black,0
FjpZsJ7N,outoftime,auricelioalveschess,black,1
GyQzhWRb,resign,garonnachess,black,0
vuXm2evT,mate,sadrollah_aram,white,1
NDm258xt,mate,jolugrimo,white,1
caVsczkO,mate,hengkyrahmanda,black,1
4RaVK33k,mate,camba2002,white,1
V542TflI,resign,juancbr651107,black,0
GhMn5XCU,outoftime,poptats,white,1
oepg1Qx3,outoftime,vladimiravanesov,black,1
QZoTLDiR,resign,wish_nett,black,1
w4c06mBe,resign,romanovich2019,white,1
wkERhygT,outoftime,mefi_one,black,0
Q6IU903T,mate,ayerh,white,1
ugL0GDjk,mate,gyorihitman,white,1
E8FIT0Dv,resign,dileeprkakarla,black,0
Hnl8QYYv,mate,kuozhijia,black,1
gxnr5MY4,resign,cleidivan,white,0
legAfL3E,resign,adel19731973,white,1
QCvckGi0,mate,aravisha,black,1
ojGJ4ekH,resign,prayhard,black,1
Fe6pzlkE,mate,ehsannmaster,black,0
gs0Ct0iP,resign,remchess04,white,0
hnVYY0At,mate,mohasin1987,white,1
dfB8jwT4,resign,soorajp,black,1
GB2Ej6cd,resign,tereza9393,black,0
e8Tdvbra,outoftime,m_sergey_1975,white,0
DIbI9OR2,draw,zhores09,white,0.5
BZ2E73g0,resign,erkanyigiter,black,0
MAab67BJ,resign,dewa_sai,black,0
4rLVNoAR,outoftime,flow110,white,1
13qWCtTp,resign,bjk1903q7,black,0
xgWU2y7s,resign,stelios_mpegle,white,0
5nHUMR40,mate,mirko-merletti,white,1
kjS5a1lg,resign,mirko-merletti,black,0
KsAFJESK,resign,jamiroj,black,0
JOIwMgpu,resign,metallix,white,1
eNoC4Np5,resign,nature_prophet,black,1
sh0rPNRZ,outoftime,hari2023,black,1
3l6RCHa5,mate,plyzh,black,0
dB1BQaUC,resign,lacolix,white,0
Tyvzxwb5,resign,m_sergey_1975,white,1
Yd1vRs2S,resign,jollyjojo,white,0
UALP5fBe,resign,volodymyrovych,white,0
B8MY0HOu,resign,gamonmaster,black,1
TSBRznDX,resign,gamonmaster,white,0
RmpRVO9m,mate,andrey1984fefilov,black,1
ne3JSq2h,resign,acropora,white,0
7zA3CLsD,outoftime,garviv,black,1
usGjquhk,resign,bervanger,black,0
Y1HqeIix,outoftime,sotoli,white,1
zZmPvLX5,resign,weaksquare199,white,0
z7uu40Zi,resign,i-babai,black,0
Y64nBF2g,resign,bollentitsche,black,0
U3Xr7Zya,draw,slavabrod,white,0.5
6S6YZ4RO,outoftime,sunkyyaki,black,1
VFQKfxuj,stalemate,shiva_shankar,white,0
V1ourjGl,mate,geniarus,black,1
k4PvxwCN,outoftime,danicks,white,1
8bVzbReh,mate,anatoligordeeff,black,0
6415T9Qt,outoftime,walkish,white,0
6lYyA5MO,outoftime,sepehrniam,white,1
vyV1G4xc,resign,tlgts,black,1
x4cMwWQX,mate,tuanbui123456,white,1
xJfy6W02,resign,zoezorgwao,black,0
jX0W3XlI,resign,filip01851,black,1
41VBAKox,resign,jd-wolfpack,white,0
RiZSSUlj,mate,salamandra-1983,black,0
SORRcd2G,outoftime,sarmatbek,white,0
xW9w8aVn,timeout,gabriska8,white,0
vpOVIYEN,resign,arunsampath,black,0
uhkBUFLI,resign,netzmafia,black,0
KHrHr3TZ,outoftime,metallix,white,1
poTGYdVO,mate,makenz1e,black,1
ORsOpOrD,resign,jacc0,white,0
ajf5U2im,mate,kaungkhantnaing,black,1
EKG7SN8l,resign,jargos,white,1
a1EipJy1,resign,iftikara,black,1
luKY5hcv,draw,matros22,white,0.5
3FOazCK9,resign,tantscars,black,0
c4w9Q1l6,outoftime,sayyed3123,black,1
09mFS4vM,resign,class_sinners,white,0
UD0ZF1nc,resign,venel60,white,0
ukT1hCft,resign,kanat539,white,0
SGcb2ReI,resign,onyedika1801,black,1
ltIwmAkw,resign,fofantjulpan,black,1
BqWLFsa9,resign,cyara-asani,black,1
uoR9Lif5,outoftime,tomatilloverde,white,0
psGp0GPd,resign,ctt-fischer,white,1
FDuDW9Mc,timeout,japterr,white,1
uwyCubRu,resign,daggmate,white,0
Fu3UejCY,timeout,hyergun,black,1
gK2sDjwQ,resign,tree2002,black,0
vtSMznrj,resign,shahpc,white,0
TsPGLzaR,resign,ikamo54,black,0
2y1PG9LL,resign,ghoulbreeze,black,0
Q7IOoIJA,mate,harish_drago,white,1
ScDP5iNu,outoftime,bigfatsmoker,white,0
66W97mNT,resign,alprns28,black,0
AdXxYU0z,resign,alprns28,white,0
zGiv91uE,mate,mixxail,black,0
fb58xJVJ,resign,jamust1,white,0
Zcrz90ES,resign,trivel,black,1
IRgN7JZ0,resign,paparucho38,black,0
mOr2S8ui,timeout,kassimold,black,0
QOvDitOt,mate,asskar,black,1
HOUWazCa,resign,kangelafire,white,0
QzHztplL,resign,sant1234,black,0
yI61iSFH,mate,usamedic10,white,1
HwjEuDkh,resign,artbrain,black,0
AtfbVz4Z,resign,gautam2911,white,1
kNHg9VCp,resign,extermom,black,1
YC7v8wpg,resign,asterixe,white,1
YQbZvY1Q,resign,jesus0541541,white,0
5FVTi1qN,mate,ja9xn97a,black,0
V1vWbfms,outoftime,casalarga97,black,0
mZUrjWhA,outoftime,bjluis,white,0
zeQLNaLE,resign,farnaamsamadi,black,0
LlvdvX5V,resign,alireza_iran_2028,black,1
aScorfoj,mate,tortik55,white,0
yMziEl9w,resign,krivbass1973,black,0
c4wIQ3dD,resign,sevik83,black,0
KM3GaMGE,resign,max_deutch,white,0
t2DUXOyc,mate,lankonuj,white,1
TBwcrfYC,resign,lankonuj,black,0
LuTQWNFO,mate,soltt,white,1
mwxqJQ2B,resign,dmitryzayets,white,0
L6reLx6X,mate,araby64,black,1
8u21PHsy,resign,zoolander1980,white,0
NDdX1O8E,mate,calioxtro,black,0
fwHnRTnx,timeout,mihail1216,white,0
oi8JwPXG,outoftime,helmut1954,black,1
0HbT5zcY,resign,musa22222,white,1
nA3hcUiZ,mate,albigym,white,1
IVRKMRCF,resign,auxin03,black,0
jR4NDLbC,resign,abdelhalimmahmoud,black,0
q8qpUEf7,resign,mic321,white,1
nyIgSrSb,mate,lordcanaya,black,0
eQEzyJGk,resign,siliame,white,0
1jRVW1ps,resign,snp08,white,0
HOqnuLQY,resign,harkowskiy,white,1
M5jV2K8P,resign,semainsh,black,1
NdlSG60w,resign,weindahler,black,0
qzhBDaPL,outoftime,chelci4030,white,0
Z7bmziTO,resign,staircasewarrior,black,1
Ey3bvGBP,resign,souye,white,1
cAZcR6ZP,mate,ycl14,black,0
Ss1vb7Re,draw,chilibwe07,white,0.5
lg4d0Bo7,resign,nat101tec,black,1
y7iqgrOX,resign,mcjim725,white,0
CgKvxf2v,stalemate,erbol_1980,black,0
Uk2qFaUY,resign,bigpanthertm,black,1
bwk4VHMO,mate,ostili,white,1
xsvQgXRe,resign,libormarek,white,0
YOp24Vky,resign,vallunar,black,0
SlgUkiPm,resign,dmitrysavin,white,1
QQsu6CEh,draw,igorzub65,black,0.5
npAXmLKK,resign,szeka12,black,1
Uo8uyLd7,resign,niels1972,white,0
NtA6Z3ni,mate,abraham31387,black,1
7UwzXKXx,outoftime,murthyvr,white,1
10Zz78fJ,resign,rohan_pradhan,black,0
Uv4SgebA,resign,ilyynx,black,0
Vf3nYnuC,mate,miiig,white,1
GocPPyHk,resign,milzex,white,1
CQAPoAgf,outoftime,salieri2039,black,0
08b2T8iQ,resign,labach,white,0
g7MSTdxU,resign,ilyahunter1313,black,0
boL46S2Z,resign,pacco1,white,0
gsDH5jPS,resign,ford2805,black,1
RoMw62N2,resign,jamesredd,white,1
r9Sj7QmO,mate,esfahanii,black,1
OXHm2DOY,resign,adeeb68,white,0
pVdA9nsG,resign,lenny93,white,0
EZGDmFqn,outoftime,dr_bilal,black,1
o5rxb9oQ,mate,freezingmeal,black,1
I1h68xod,resign,abukof,white,1
H1jQLzka,outoftime,rserranog,white,1
qWkVtvTV,outoftime,zulu1534,black,1
LTAf5zhf,resign,spadarraman,white,1
vdJfPkOR,resign,titinahia,black,0
pO903YMg,resign,manuelavereda,black,1
4sCeu0G2,mate,mohamadali_banaie,white,1
sR3RPw6Q,resign,olivia89,black,1
v82aTym6,outoftime,jdm85,white,0
1T9jFMQl,resign,pianist91,black,1
XKfo0Kvo,resign,shuraprotsun,white,0
BLtc9NZa,resign,tenacity101,black,0
QCGxSRhk,resign,petr202003,white,1
iY4SHiZf,mate,lordchess2024,white,1
NT13q1Fb,mate,legionerms,black,1
mNZGpU8j,resign,btrprac,black,1
x7fjU4lh,resign,lose4fame,white,0
mva973GX,outoftime,ulritsch,white,1
Q2YZBPKC,resign,prbrmn,black,0
j05vRTZO,resign,andrearomano,white,0
Og4niRhf,mate,harsha_kumboju,black,0
T69C7TND,stalemate,vikteur,white,0
iPjhGBA3,outoftime,hasansharifipersian,black,0
jCnpVUq0,resign,amo_karim,black,0
E0EHTSWL,mate,odino83,black,1
8WgGqYqn,timeout,solinvicto,white,1
yHvtuVnQ,resign,dedrabit,white,0
gAapyZl2,mate,antonioricci-1960,white,1
j9QGlxUK,draw,tom-pit,black,0.5
dTdm0ehG,mate,seele60,white,1
pEEyIwor,outoftime,fazlursharieef,black,0
x4TaQ8qy,outoftime,gersee,black,1
EeYJP7V9,resign,weteran77,white,0
n4ji1vba,mate,m_amiri,white,1
vE2zNktu,resign,tfifer,black,1
biGjyZR1,resign,pjoker,black,0
92t3dkoA,resign,playfairchess,white,1
WsxGYQ8l,stalemate,mkd1348,white,0
IkOuLbhg,resign,chushkopecite,black,0
rpG54J8B,resign,hector_92,black,0
sdUcn1hL,resign,dessauxfred,black,0
EVaOOs8B,mate,dessauxfred,white,0
FkErEtiM,mate,reza012,white,1
8lEI0Utv,mate,leo_0785,black,0
Oepbss9N,mate,nikkipuncher,white,1
FA92dFoT,resign,idefixthewelsh,white,1
bXvblRZq,resign,euroauto,white,0
NaafRJxD,resign,fade_0,black,0
Aszon5rv,mate,vij05,black,1
yVIbhRmV,resign,kniqht,white,1
06MVCrbx,mate,italoengers,white,1
b07jgWht,mate,alexios18,black,1
jaD84Ofs,outoftime,chetan_2103,black,0
IGUaP4jO,mate,sachchasky,white,1
lCv8ma3G,outoftime,sureshvisshnu,black,1
RNk6emxO,mate,cbfh,white,1
k5zcBWPz,mate,chessme40,black,1
7H8jqPj9,mate,berkley96,white,1
CSwusiCj,mate,yasin_ghotlouzade,black,0
AhSN8X0z,resign,pyltsa,black,0
sW3dGfLB,mate,zahiralcaraz,white,0
dsG8dhdB,mate,sokur2020,black,0
Eg4QDkIL,resign,revolutionary_pingu,white,0
lHNkGCZ6,resign,llllllll_ll_lll,black,1
eoYJHA4S,mate,prostran_milan,white,0
xL5pselS,resign,lfs000,black,0
Zjoh8lT9,resign,mamadsang,white,0
kAgcUrEK,mate,wincatedr,black,0
GBmSANvg,mate,sundar12,white,1
3JF3t0jY,resign,magnusdrugprovider,black,1
iid3XQ8w,resign,sagsanal,white,0
M2OE2Qy0,resign,munqenq,black,1
ssUzx9a8,resign,reezza,white,1
GpW43ZSe,resign,ilkerbuyuk1453,white,0
WaN3k8Py,resign,ardi789,black,0
01kLbIIl,mate,ardi789,white,0
jCGsc7qr,resign,saransk1968,black,1
bek3C4LD,resign,dicksonmaketa,white,0
6iEIjzXI,mate,alexandrtolstoguzov,white,0
9OdGJH4K,resign,possomking,black,1
CWzPgbPX,resign,silverbacktitan,black,0
pWCrS2HV,mate,sindat,white,0
agao8U4E,resign,babyburrito918,white,1
CYw4IaIz,resign,marianoernesto1286,black,1
4nmegdWj,resign,marianoernesto1286,white,1
TZPvvBe4,resign,marianoernesto1286,black,0
4UBRm8kB,resign,medikfedya,black,1
kUsddumX,resign,sakartvello777,white,1
OKggvF6h,mate,vrprrr,white,1
UIirxi2S,resign,topikmm,black,0
KovGwLNK,resign,topikmm,white,0
r3PDNvKn,resign,topikmm,black,0
lNvGELaV,mate,alpingo45,white,0
5Ir8OKpQ,resign,yamakasi0,white,1
mweiUwDt,resign,denis_soloviev,black,0
C5gAIR7G,outoftime,giweng,black,1
bPXtnEb2,resign,mes1981,white,0
M7MX3y8N,mate,damaplayer,white,0
ALrFevFy,outoftime,alnakeb_usama,black,1
JNiM6bXX,resign,fbg,white,1
JXgoRnkK,mate,borisir4,black,0
YZtRWa52,resign,yamakasi0,black,1
WpVtCO2l,resign,suhrob911,white,0
srd76XmZ,mate,chatelet1542,black,1
xyTpOSJf,resign,ssekoss,white,0
CyvZP3yS,resign,marinel6,black,0
Vn7eOdBf,mate,bendie26,black,1
V7Wq8nTJ,mate,locustfurnace,white,0
L1Ius6Ka,resign,mihaylovvo,white,0
JDJMP9lR,mate,andiurichi,black,1
iSPHjE1e,mate,domrachev-ym,black,1
7gyX0bRX,mate,irbis3000,black,0
URFD632G,resign,irbis3000,white,0
O9MdP4zv,resign,amatir223,white,0
bCsOdZzh,resign,draconicdoom,white,1
WTGRYNOT,outoftime,dk_makwana,white,1
pfvy9zoB,outoftime,illyuha12,black,0
Xxmib5y6,resign,mehmeto,white,1
Z1klCdec,resign,douglasjudy,black,1
hSZ8qDEc,outoftime,sm75ali,black,1
ThUKlBKR,resign,kralj1,white,1
CpVRWldA,outoftime,jalehyavari,white,0
mul8YHg1,resign,plzbegentle,black,0
ApHF8zOV,mate,neilikkainen,white,1
tnzgNiW8,mate,canoderm,black,1
XpFaWzGL,resign,gos_1992,white,1
YNVkHqpP,resign,ayax75,white,0
ZUXRcO8G,resign,pakyo_1,black,0
jYsOzlyQ,resign,garboardlaw,white,0
164Xgylp,resign,skp1204,black,1
qPbYww4s,resign,skp1204,white,0
VTqdbvDx,resign,kirolos3000,black,1
QDVRnbet,outoftime,litri,black,1
Yf8B081n,outoftime,theorion47,white,0
SBSzRVJy,resign,anarchjoker,white,0
vOS6eh0W,resign,valdemarfirst,black,0
T0hQcPul,resign,abdesalam,white,0
k10PyWXC,resign,mabaza,black,0
KPCqT2fO,resign,hevsel,black,1
AP0LN31B,resign,dmitry809,white,1
AKHKXNU8,resign,drunklifeguard,white,0
lxqtF5xT,resign,mas_ja90,black,0
Go1FIhtd,resign,mas_ja90,white,0
0jD7kM6K,resign,manek77,white,0
MjJCOna7,resign,daddyo2,white,0
g7kEsymI,resign,goztepeli3591,black,1
GjXsU7Xe,mate,titech,black,0
2fIJkKsJ,outoftime,gabinomunioz,black,1
HVLxjsUe,resign,frankemi77,white,0
BGxZX1LH,outoftime,albertgenero,white,0
yf1KUKYv,resign,zepulece,black,0
Z3HYurGj,mate,ostia1948,white,0
DX86chOo,mate,shabrawyxz,black,1
4GGy742Y,mate,talal022,black,1
EITDidR1,outoftime,therealstebeats,white,0
zB6aGcgr,resign,romaforma,black,0
ZYSGiUdy,resign,lelyan,black,1
Fp7uaAgt,resign,leafar1,white,1
TKN6pjzE,resign,orhan2534,black,0
B5NG3Fbi,mate,kyivua,white,0
0xrtaa15,resign,abdelhalimmahmoud,black,0
K2s48yMq,draw,batbold10,white,0.5
6yr8IdjG,resign,himanshu_raj,black,0
X3XCOVkf,resign,mdsamim,white,1
Rg6SwAXY,resign,xadrezfogo,white,0
djTzqLn6,resign,olaketal98,black,0
FDu9Cd9s,timeout,alejo1hernandez,black,1
2uAZniS4,resign,rrraskolnicov,white,0
rF0DffZ4,resign,angelvolador,white,0
VVOnjybj,resign,arturbaloev,black,0
wRvLIPnP,outoftime,jm_killer,white,0
JAXfhwhH,mate,zeittotschlaeger,white,0
3yFhWuKq,outoftime,mochianaliz,black,0
HPE1kK1b,resign,liftovik,black,0
qP9NlHSl,resign,ma-1970,white,1
B5mfok24,mate,cosmicenergy,white,1
IWDBtVIj,resign,wagonbb,black,1
cGdV0QEB,resign,shakyquen,white,1
rcLyvoGA,resign,zaitsevvlad,black,1
5b6OOzX0,mate,semislavone,black,1
JDqnFMkr,resign,pitjiss,white,1
2IWoIrW3,resign,anarchjoker,black,1
9N9RIRey,outoftime,siddian,white,0
w7mbspkk,resign,siddian,black,0
qVltVB3Q,mate,rafamark81,white,1
xPa1vkdr,resign,enpassantcheckmates,white,1
ZTCdbOrw,resign,enpassantcheckmates,black,0
XER5Sask,resign,miass,black,1
skDqmpoh,resign,miass,white,0
dgAiNQWl,resign,balaji004,white,1
ltF7Banw,mate,dedesetiawan,black,0
5n7GZYSB,resign,brasetvik,black,1
uqSeNwx0,mate,peoncaminante1,black,0
EbhFR8cC,resign,peoncaminante1,white,0
PFjfwrby,resign,oioi-oioioi,black,0
bQD6kMIV,resign,rousquille,white,0
jDjNhdkT,resign,katrynny,white,1
dlbdBt4V,outoftime,sohaibjavaid864,black,1
HQDYcOUK,resign,guiense,black,0
fie2fJwW,draw,safamundo,white,0.5
b5uen2Kv,resign,kostoberina,white,1
pvW1tICN,resign,boity2,black,0
X8GjTUOJ,resign,ignaciojhiriart,black,0
iPKL275F,mate,beshenayapehska,white,1
jE66DWE1,resign,thabisile,black,1
2Cl2vRhC,outoftime,ahmed2759,white,1
YJ0ZFF9l,resign,jimmyvasquez,black,1
A8RIN98v,resign,jardel561,black,1
0RgMtaHw,mate,benzo25,white,1
5hIywTsC,resign,benzo25,black,0
tqkNox60,resign,mcguimaraes,white,0
eWwwPSoX,mate,simopipatti,white,1
DXbFc31L,resign,simopipatti,black,0
yDzqQjAt,mate,jbpfc,black,1
r2VywobH,mate,jbpfc,white,0
drEvgGqq,mate,constant19,white,1
l8OOgqkg,outoftime,oetoet,white,1
5Lo9Dkq0,resign,armen_grigorian,black,0
qNLfM10z,resign,vladimir_em,white,1
0X7N2Xzu,resign,rioravi,black,1
Gi5Gg89D,mate,devakoosalai,black,0
EBKUjTB1,resign,lalo1502,white,1
TrvgLmXA,resign,jandorex,black,0
KPhtmsCo,resign,spiilia,white,1
4Mrz9Vfp,draw,deyvisrxd,white,0.5
yKhScYio,resign,urmatfiz,black,1
EU1x0F0r,mate,grdos,black,1
c9jaHCTY,outoftime,baldu2012,white,1
9cSnTQ7E,resign,baldu2012,black,0
dVgqW2ou,resign,pachmu,black,1
UrPwj8SZ,outoftime,kross007,white,1
qgwbbhVm,mate,kross007,black,0
cPhOVBWU,resign,golo1108,black,0
GSM1MhnY,draw,mahajily,white,0.5
4wf0DcmO,draw,exung,white,0.5
hnOS6G6n,mate,demon_king_tanjiro,white,1
46cWFUV9,resign,andrespit,black,0
Vb88Hqdp,outoftime,riya3,white,1
gKUxGQ0x,mate,paaaj,black,0
VN5HTEDK,mate,roukous,white,0
MF7jn9hs,resign,stella911,white,1
KQfNWdCn,outoftime,arsam-karimy,black,0
Z4OtSFRo,resign,iljacko,white,0
vTixaChh,outoftime,elefee,black,1
6pwjWWZm,mate,privet_moya_dorogaya,black,1
WB19MEUw,draw,maaansi,black,0.5
Tk4Y6EvG,resign,raboun,white,1
sQMHLrgM,mate,juliengros,black,0
S3bdg8nH,resign,daddyo2,white,1
Mn5KKDpG,outoftime,miraculix74,black,1
BkqD9AU9,resign,aristarx22,white,0
7gXDz1nN,resign,ykkisku,white,1
PaiEGijJ,outoftime,mhad_regoya,black,0
3Vyz05D9,resign,nyiur,black,0
oyfaiZw9,mate,kanoucan,white,1
bsBm7BwV,resign,abede7,white,0
ydORSakz,resign,filemonpi,black,0
4K2bJCMG,outoftime,gabiferbar,black,1
onC2HdTW,draw,troglodytamdominus,black,0.5
p0XTigPW,mate,kysak225,white,1
E8qX9y9h,resign,mateeeyko,black,1
wYRyR7Gk,resign,jayant8349,white,0
m7SviEEG,resign,nuuric,white,1
3BFWVW3D,resign,greenpeace383,black,0
nsESejBj,outoftime,a1h864,black,1
EoZkogpB,resign,bipin_304,white,1
Zrh6RldC,resign,vlad_2323,white,1
DaQJyemd,resign,kujjo,white,0
48KGp2Zd,mate,delcious3,black,1
q4ZHM76P,resign,manuel_colqui,white,0
YX3Xbzj6,outoftime,mat-a-mat,black,0
eJQmNyAj,mate,lentin,white,1
nIBp6klb,mate,cletusrt20,white,1
LI6RAK3N,resign,gigit123,black,0
eYWmqjew,resign,rehberiniz,white,1
XB9pheY9,mate,galym55555,black,1
659GXI1x,mate,rickyh17,black,0
GwtooGfR,draw,tatarin_kz,black,0.5
BEFYVT3o,mate,matinvpr,white,1
sG9jJV37,mate,hmedy1,black,1
Dn15JAux,mate,dzudzubejac,white,1
bEsmv9KD,mate,abhinavmanwatkar01,black,1
zb1NLsIb,timeout,innersight,white,0
d4fxf391,mate,nickeynamp,white,0
UWf9qdnn,timeout,iq69egor,black,1
DmGxMi16,outoftime,tigre2020,white,1
WoTrldUV,mate,reddhios,black,0
6bct2ns2,resign,mrdavidm20,white,1
Oyjiam7Y,mate,dharsan221,black,1
PkqU0VBK,resign,turner0515,white,0
nmaYUXCm,mate,dexter161,black,1
UwgKWzvr,mate,na1b1,white,1
w6SvzQCA,resign,penetrat0r,black,0
GyQnl6g7,outoftime,karawanken,black,0
1sQuCY4h,resign,chrismat,white,1
qLiBw1aM,mate,kavinesh1,white,0
t8HzeUmu,resign,stoni,black,0
eOb8aeAt,resign,cinu_s,white,1
lViHnoIx,timeout,kn8899,black,0
dFKVMQ54,mate,cirilo05,white,1
DLRrI0dq,resign,fredmhc,black,1
5qpuNisc,resign,pminor,white,0
dMzkBj0K,draw,aymenmaa,black,0.5
BSYNjaup,outoftime,rmbasha,black,0
yWWXjQnH,mate,agustin_palomino,white,1
nAzqiGNe,resign,sahaj_bhat,black,0
lQ9uAKl1,stalemate,apostcarlus,black,0
tVLoJEJY,resign,beachboy666,white,1
HG72N1RM,resign,baki198,black,0
mQDkmXDH,mate,erucm,white,0
bP9s20r4,mate,bore77,white,1
cSIA84CA,resign,garfieldeatsceo,black,0
HhgwROrk,outoftime,jakeyboo,white,0
ocAxZY2L,resign,j0k3r_54d1k0,black,1
yxG54MAj,stalemate,hossein2023,black,0
Jdv6gmKm,resign,berriman,black,1
L3jLTCji,resign,jalfcanto1,black,0
yXynPJ5a,resign,ashes713,white,1
xd1pWB9a,resign,rh4nd,white,1
h51Ku7q1,resign,torokvero,black,0
C3eVfq41,resign,muvvakrishna,white,0
MFXuQCQh,resign,bbgdu,white,0
qBgkdPL1,resign,amorfat1,black,1
iQ4aSyx4,mate,alexander_butorin,white,1
KLOMgCFI,resign,faceya,black,1
BoUfWHUF,resign,begas123,black,0
eVHrA1H0,timeout,pako111,white,0
Hwm4rDdN,resign,tadldeus,white,1
SpyNvb9P,mate,alir3zaa,white,0
18keCIcb,resign,g01d3nf41c0n,black,1
lj8JXt2Q,resign,tonyj94,white,0
TZIyr7mK,mate,simgri68,black,0
SNPPBNPb,resign,alpacaswamp,black,1
YMI1eDHg,outoftime,daveddies,white,0
1f8vhqPx,resign,lutzy,black,1
4NHEKaDS,mate,pavo12,black,1
gX4oBGZa,resign,lucaraimondi,white,0
kfb8cSHd,mate,thedoctor4352,white,1
wXjvrmKC,draw,kirchheim,black,0.5
ELbIPtiO,outoftime,solidprawn,white,1
44tw4foZ,resign,kansuozkan,black,0
kni6fulp,resign,audio2022,black,0
Yx25vI1y,resign,audio2022,white,0
OAdi97jO,resign,maestromjd,white,1
Q3AoPExn,resign,maestromjd,black,0
2GR5omaa,resign,marcus81x,white,1
7hcNx652,resign,richard_ng,white,0
gGl62wYb,mate,blunder_woman1,black,0
sYfnRtB0,mate,terexov,white,1
bRzYU9HA,resign,georgebankai,white,0
a6KaubDz,resign,georgebankai,black,0
6RQt8xyx,resign,dark2019,black,1
48yqAV7g,draw,mibahe,white,0.5
EwgjkDDx,resign,radheybhyia,white,0
6ms7hYdM,resign,soonandsoforth69,white,0
hQ8Nm0OP,resign,avocadobro,black,0
PNaIq619,resign,townhall300,black,1
mEf8lfGv,resign,saifuddin_zaim,white,1
RL7lsNnr,mate,fernando_rodriguez32,black,0
GarvVPWj,outoftime,arishukur,black,1
J0fRX1H6,resign,hk01adn,white,0
TM1sq9CJ,draw,saman1983,white,0.5
VMUXYizO,resign,tadldeus,black,0
soIlHfSh,mate,puzzleman86,black,0
JkEpBHBa,resign,aaalllxxx,white,0
HUgm7jbx,resign,bambam0707,black,0
ehbExA3s,resign,djasokko,black,1
1dvj1aFn,mate,tj_allemaal,white,1
IWoRlNCR,mate,habte_man,white,0
pUkjyt8r,resign,estradifanatic,black,1
VziVBsCD,resign,tommiegambito,white,1
E7rE2IOp,resign,gavcakan,black,1
dug1pZ71,draw,krkaz,white,0.5
kMx7gTRI,outoftime,avalyangevorg,black,0
5fbeiLai,outoftime,arjandekuiper,white,1
P597gmdP,stalemate,loolo,white,0
p0xZkDGp,resign,taulamet,black,1
dSLQ8LOC,mate,maninpeace,white,1
oHRPqWcn,mate,vaddimann,black,1
C6Mpw3i3,resign,cristianpasinetti,white,1
F5Kg0RB3,resign,stefi2000,white,0
MyCIbBsO,resign,topsa69,black,0
wrT3e1L3,resign,modilious,white,0
PmZ7o2h7,resign,modilious,black,0
0rtYL4Q0,resign,byron75,white,0
jdH6lgnm,resign,losst1,black,0
MsDSv6u0,mate,solomon_wolf,black,0
Eams8AhT,resign,solomon_wolf,white,1
Xtig8vMA,mate,rustybishop,white,0
PvN9X1D9,outoftime,timc238,black,0
oztTbRv8,mate,serdg,white,0
TO2hs7PP,resign,helrafka,black,0
wr70wnEj,outoftime,marcusaurelia,white,0
Xcxg3S6P,timeout,nik777321,white,0
3mRVPRrY,resign,nik777321,black,0
a9WGD5y5,resign,hipoki,black,1
8iQ61Kkm,resign,joseph508,black,1
DNLqgKq1,outoftime,alirezaasdln,white,1
4i8blDDD,resign,nebular1,white,0
gQ7kT0Ca,resign,nebular1,black,0
l1HaIsCP,resign,mbachauke,black,0
llokqHLy,resign,mbachauke,white,0
fwckjXEG,mate,atabekk,black,1
oI8EaHPG,mate,ray_kwon,white,1
HPBa7r5k,mate,bigd95,black,1
12nBBfUw,mate,cozanuda,white,1
4qOAXhrH,resign,whatevermove123,white,0
cVciOSJZ,resign,kibii,black,1
XUyXJ8B4,mate,akmuslum,white,0
BAfTdpqW,mate,maksimkostylev,white,1
OMhm98OS,mate,ayofadu77,black,0
UVV88XBH,resign,eric2110,black,0
dCZFP4ss,resign,talzilber,white,1
TXsofoCJ,mate,dhirar39,black,0
zI3M638U,resign,brianb1104,black,1
BwbepUDV,resign,husseinnabil12,black,0
0RlHMVxX,mate,mrinmayaulia,white,1
XGIPlHqx,resign,iurih,white,1
5BMAQX44,timeout,unusually_fat,white,0
mu2W30Zi,mate,ethelbert876,black,1
n0w4VC2d,mate,ogreninja,black,0
fTZb6EqM,draw,pekkakouhia,white,0.5
d6IXrovW,resign,miguelrayredondo,white,1
pbA0KOs4,resign,frugulho,black,0
WfaCcSgH,resign,foox69,black,0
l5gPZDSZ,mate,sayrubadubdub,white,0
GhRajtTR,resign,talhasay,black,1
vsCbZoW4,draw,bjoerns1,white,0.5
iwRJmdq8,resign,dulat_1234567,black,1
gsBJWgs8,outoftime,nikhiltank,white,1
gtgspOCp,resign,azoo66z,black,0
ucWKIDPO,resign,tarunj7289,black,0
a9nINUAC,resign,iskra17,white,1
Ls36tshL,outoftime,vaddimann,white,1
MUwjYkXf,resign,tuomop,white,0
G1ZVSrUB,outoftime,chess_rebell66,black,0
ADA1ehCe,mate,agekyandavid,white,0
lAJPiV4U,draw,govindkumar,black,0.5
shDVtTTF,resign,gfghggvjhrkughnj4n,black,0
xgtEmKNh,mate,nico_60,white,1
7RxvGAZp,stalemate,omar2023012333,white,0
CCMvypyw,resign,maartincj,white,1
eArdpPMD,resign,ibrahimxx9,black,1
20RzBo1N,resign,rabbittest,black,1
E1oX7yIm,resign,r3dout,white,1
rdAAR5iK,resign,binuamboori,black,0
C3QMpZtb,mate,gutoh-7,white,1
fEhlfs7t,mate,rkhichi,white,0
lLJLjVKs,resign,endrowgempol,black,0
8Ll3mbQp,mate,moiopen,black,0
HEb0HjRB,mate,muhteyit,white,0
SpJSS7ML,resign,wbcurry,white,1
Vod0CNnn,resign,andrei_klychev,black,1
XE900nPV,resign,beer_balli,white,1
WOCvz2vD,mate,olzhik_sa,black,1
KoxBlNa3,resign,mijoz,white,0
fTidcmbh,mate,mohamad-one,black,1
RwMesLp4,outoftime,naseia,black,0
Zy1ZtLVu,resign,navets,white,0
HcthnVlc,resign,marcoandres1983,black,0
OzGC5wkg,resign,teattwo,white,1
3ECApB6X,resign,imthewatermelon,black,0
kmwtmKy3,resign,bata1976,white,0
Bx7I8zJF,resign,agah4066,black,0
RhL3lrLc,resign,kor_romko,white,1
xLHokDQK,outoftime,cyprino,black,1
cMjZZpHs,resign,omurali,white,0
qDdMsOBE,outoftime,rsanu,black,1
P6vtFhQF,draw,mzxr,white,0.5
67TDXuJb,resign,plitoxd,black,1
fRgdCxPn,mate,pannalal04,black,1
aOdn4SS3,resign,iv13,white,0
5OuIlrwI,resign,alreadyregistered1,white,1
sPyTa18Z,mate,h4nfred,black,1
nJMlR74j,resign,azamat123123,white,1
fSAQEsTr,mate,nodime,black,1
a39kMptV,mate,grzr,black,1
7Yw6adNe,resign,edmartins80,white,0
B61iUCwM,resign,dbasil26,black,0
3k2gtCxE,resign,newtt,black,0
UICdbK9X,mate,mainegk,white,1
QiSzaOnH,resign,alikrdnz-aa,white,0
cSTXB1ui,resign,amadden,black,1
jhJDqfXh,resign,jembawut,white,1
iCmqSnpF,mate,aissamakrane,white,1
HYUUsMIU,resign,mohamede4e55,white,1
ta1tLLy2,mate,donnieblue,black,1
sDw9dUUJ,resign,rickyraph,white,0
UDdnCL62,resign,rickyraph,black,0
B4iwksxu,resign,tduriez,white,0
cDINflMO,outoftime,sfranca,black,1
3sJOwvRT,resign,brannf_a,white,1
AzJGuyEO,resign,alexandrantipin,black,1
CNKfmGHS,mate,mahmoudgalall,black,0
6MgaLvP5,resign,ee1981,white,0
Cnrd3cZa,mate,oussamazeroual,black,1
VtgFzVtY,resign,buttnuggetss,white,1
i0PWtDtp,resign,franky30phiri,white,1
SG9FDu5v,resign,refinera,black,1
rPCn2ERb,resign,niadan,white,0
xBuLcx2E,resign,stefi2000,black,0
Y0OHleaF,mate,studentjop,black,1
uT2feWmd,outoftime,langkir,white,1
tQ1R2W4C,resign,dmitry178,black,0
SwNFsJAS,mate,julian9922,white,0
v8V81zKj,resign,dazaii_osamu,white,1
MQPpzUcm,resign,bushido4262,black,0
FVjkdcXZ,draw,pepecomcart,white,0.5
Z3ODJhGp,outoftime,yira,black,0
1GpZKknu,resign,amir123metti,black,0
3GZecHie,mate,salman0599,white,0
Jf7hS8I4,resign,dirk9990,black,0
MM7smczP,mate,ziyaekim,white,0
ZJ2Gk6Oj,mate,weiss57,black,0
UoeOEFve,mate,raphaelmontag451,white,0
okrcjH7e,resign,sinoptik2,black,0
6u02lW4u,mate,lutfieren62,white,1
gbMa2DNu,resign,caarpediem,white,1
oplG3vKm,resign,caarpediem,black,0
9mhUNmdW,outoftime,kaspa181,white,1
adrcH6L4,mate,kottf,black,1
KTcQgqxd,outoftime,ketsinha,black,1
hg2tg8wC,resign,ketsinha,white,0
Gt2arOue,outoftime,vrpatil73,black,1
uz8grmoM,draw,suknev,black,0.5
oVttf1aF,resign,diomar22,white,0
HA93sreH,mate,marius_siuram,white,1
SdZEaUGl,resign,gaddafiii,black,0
WRbcZES3,mate,shantytown,black,1
GSB3DO68,mate,abs0706,white,1
dIMbZFCA,resign,a9290,black,0
9Okdx1SW,mate,mukh_herik00,black,1
PpZEQU7W,resign,kishore1805,white,0
JMEqsmhy,resign,topperjeff,black,0
9AbMUX0s,resign,sergvik,white,0
2LgpPmIA,draw,dr_romero,black,0.5
wBuyhwmI,resign,dr_romero,white,0
X7bbZyCZ,resign,klipa,white,1
LbNeb6oI,resign,laurent_laurent,black,1
H29Bnxw8,outoftime,carlitoseltemerario,black,1
WRDFTsSV,resign,townhall300,white,0
365mSEaa,resign,christhiam,black,0
ypXqj9kI,resign,marathon2022,black,0
sb49MiyW,timeout,juzik,white,1
N1nmAXrV,timeout,jenab838,black,1
ZkzOrJCY,resign,subasankarv,white,0
eoNSH41X,resign,yestore,white,1
MVq6ZJ6t,mate,skalaire,black,1
cQvqZEEL,mate,hamidnj56,black,1
2rbSbQ1x,mate,hamidnj56,white,1
am5513Nq,resign,lewisdk905,white,0
S8E4y5uX,outoftime,bur40,black,1
Fjk8WJVR,resign,parasharom,white,0
P0wBPBtG,mate,lotfii,white,1
taNoDTTH,resign,ceekay-suke,black,0
jQ75ByJT,resign,roberto156,black,0
P25eK6e1,outoftime,squaref7,white,1
BLBEYD0L,resign,ofkoca,black,1
u18CVoNw,resign,veljko55,white,0
o8cqQcft,outoftime,pugdivision,black,0
PgHcFcGf,resign,veryvegetables,black,0
XBIngflj,resign,zompia,white,0
fdrJmbei,mate,visselrunner,black,1
pCWMs5ou,resign,sanzmora,white,0
biWChJs7,resign,nbnb10,white,0
S6pmgBIO,resign,nbnb10,black,0
g5eQjChM,resign,nbnb10,white,0
Q4E2G6nX,resign,giordanov,black,0
T38HCLWw,mate,shezy,black,1
LvPhjQys,resign,at_supremacy,black,1
IEn3sJsk,outoftime,viskastu,white,1
9qPo2IU2,mate,galal_99,white,1
2Mt6MBYz,resign,fireball42,white,1
j2QpRg06,resign,ghafar_daulaty,black,0
Y6LXnSB6,mate,fanat1k1987,black,1
3wfmrDMm,resign,santoremedio,white,0
eQrnCuSR,resign,jirniy,white,1
zkLFKoH7,outoftime,lion1818,black,0
bUts3MvN,resign,babacin08,white,1
RKQQDtSp,outoftime,rieffel,black,0
Q7d6ixiz,draw,qillerqwalski,black,0.5
RfBJckjo,outoftime,jeanup,white,0
4iaMsuiw,resign,sv2101,black,1
KgGMGtqH,resign,khiall_ccn,white,1
7Q5VHsn8,resign,simmosa,black,0
tOwPZIPV,resign,nitishk1207,white,0
fCpi8SKB,resign,nitishk1207,black,0
dQBtr8fG,draw,atoris43,white,0.5
mFLvadTJ,mate,yannisxx,black,0
stIuFWj4,resign,psolimyn,black,1
V42P5Vaj,resign,ribeca,white,0
hUYiaFi7,resign,habana64,white,0
fxqCGiE1,resign,ivz629,black,0
tN30zLXm,resign,weedmantas,white,1
DbAhEgsI,resign,panvas,black,0
AmHiLBRY,outoftime,shahan1399,white,0
DTSWzlVc,resign,crflamengo,white,0
Ppctv6d4,resign,alexander_1314,black,0
4hFCF5jp,resign,spotlight99,black,0
HovjShtc,resign,o-mann,white,0
lPJeL2Ee,stalemate,salomaosoares13,white,0
5HcLUqut,resign,tuliotb,black,0
eerkW3xg,resign,arniavp,white,1
IeSpW5fg,timeout,hafeztabrizpharmacy,white,1
M5SXfPn3,resign,guilezeni,black,0
QRrglJqF,resign,zindangwa,black,1
CSoTffGf,resign,zindangwa,white,0
dWlv3tgb,resign,zindangwa,black,0
kxfmbTXC,resign,zindangwa,white,0
rqlJ6Q42,resign,pachi1999,black,1
qqsfcBAO,mate,texasag,black,1
RKnmLi3x,resign,vschach,white,0
75E9ZGUj,mate,anubisdarko,white,1
iZgsUTEY,resign,anubisdarko,black,0
ddW35FD0,mate,jaikishan1017,white,0
LzPDUMOt,resign,axasay,white,0
rOcbBN4A,resign,ajedrezclub2t,black,0
VVKqdz5b,resign,osos_2020,white,1
LtKGARYa,mate,ebethings,black,1
PTMamtmv,resign,onclearchibald,black,1
VGhup2Mk,resign,kiriill729,white,1
AOZwZkJo,resign,amir_hosein1389,black,1
MOP3ak2n,mate,daddy_zy,white,0
2RImHgE3,resign,lmag1c,white,1
wim7X1n3,resign,aleksey-001,black,1
jT0dY6Pa,resign,kamacarlos,black,1
LoB8zXK6,resign,winnipyro,white,1
mmxMNshu,stalemate,guenter1954,black,0
2qP0PYcb,resign,siddhuravi,white,1
UOF9bRs8,resign,sampasoul,white,0
NK4jHonc,draw,lespoir9,white,0.5
JoiNYPIw,resign,lespoir9,black,0
OElbM9ol,resign,nanudelacruz,white,1
zpxrPmFM,resign,ninzz,white,0
CAnYbzH3,outoftime,matizccc,black,1
wRscE0Gj,outoftime,austinmate,black,1
R0ua7tLB,resign,eminrasulzade,white,0
ZtkDFzGV,resign,ka_sabe,white,1
DE7gpdBc,resign,gal59,black,1
Qnm5IMj2,resign,mosi1358,black,0
vCWu7uqm,mate,uday2312,white,1
rJh8pK0u,mate,cyryl85,white,1
9o5yJKb9,stalemate,vpg_nthanhcong,black,0
DRpGZjlh,mate,mrjoseph3310,black,0
Sfz9v4TN,resign,mrjoseph3310,white,0
3vsrHRw8,resign,dhairyasonara,black,1
nIdt08yT,resign,praneeth431,white,1
vMpp0wJo,mate,winchessterman,black,1
IddGnx9Y,resign,paulveel,black,1
ghItJCZb,mate,dakbish,white,0
zasiRhgO,resign,playfairchess,white,0
FUsEGPyL,mate,bogdan03031986,black,0
spqm92AM,outoftime,kassimold,black,1
W1sqQ9Ea,resign,chesss81,white,1
AzFodrEi,resign,arandofreddy,white,0
TxIlIgjK,resign,boda55142,black,0
i4TiMRNS,resign,batdonkey,black,0
axRzC9Nd,resign,leki3200,black,0
smkmswKE,resign,ostera,white,0
gsMT6vGw,resign,mofetoluwa,white,1
k1FTboRf,resign,beaver_girl22,black,0
H5mOXumU,resign,muratdushanbe,black,1
fQkD0BUr,resign,pemulung_ckd,white,0
5GQN0Ud7,mate,hoseinsepahvandi,white,0
1fDS38Tn,mate,fundemontail,black,1
2s6Tl93k,mate,champipoyxxx,black,1
UgqxZX2O,outoftime,higgins51,black,0
lylduijp,mate,karabee,white,1
hhDB74h0,timeout,maicoltal,white,1
vMbZdpD7,resign,treeofseas,black,1
2ev223nm,timeout,chwilliams1,black,0
QJyuz8jA,resign,lukas909090,white,0
5qNHbmBF,mate,nesterilya,white,1
QPRwTHs4,outoftime,expired_96_bluff,white,0
aP7yNCqn,mate,evedi,black,0
3NJTsB9O,resign,davides77,white,0
hPTSA7ss,mate,avocadobro,black,1
QVEs05Au,resign,salehgermat1974,black,1
purAeqsx,resign,ibadurosyad,white,1
mcMeAtb0,mate,artiom_dykin,black,0
5by9W2Xu,mate,xsergio6,black,1
e2j291Td,outoftime,mksharma,white,1
JXqIUWSV,resign,eduardsamson,white,0
fUcHJLm4,resign,yellows8,black,1
wLoFh1Ru,resign,x7e8avkl,black,0
E0g3POW4,resign,ashrafmaged,white,0
5bEKSrKg,resign,ashrafmaged,black,0
qEU4xRna,resign,mak-h,white,0
Lgffq6Ed,resign,hamza_inaim5,white,0
QHyYHbmZ,resign,fowey,white,1
Oyv2bdRH,mate,drchaandolia,black,0
LRgNIC4x,resign,midyatbey,black,0
3rrKEoP5,resign,bhaskar1110,white,1
dfTuC0J2,mate,fowey,white,1
nWESt0l3,resign,fowey,black,0
BT7ev29z,resign,stupidfox,white,0
lJlMkLhk,resign,xsergio6,black,0
TKQWo8Si,resign,ovanchandra,white,1
loPFpEoz,resign,randomplayer2999,black,1
u82I78KG,resign,greenwoodmover,black,1
JcCRrLWm,mate,ironflexor,white,0
rhlsRDER,resign,triple17,white,0
v87cZcEs,resign,viggow,black,0
D3eOYz8M,resign,hide_in_castle6,white,0
4pUdZeGM,resign,achen5686,black,0
tovqs6H6,resign,lady218,white,0
GJmAA3cl,resign,yakoozafm,black,1
OrF2NzGZ,resign,slava19501950,white,0
0Su7Pf4r,resign,golden76,black,1
wNn9JGGZ,timeout,yoyilapesadilla,white,1
e217odrS,mate,sirchecks,black,1
gfscpZHP,draw,justamature,white,0.5
xv04EUD6,resign,lordcanaya,black,0
OexoNkrO,resign,juanpiarg,white,0
UlDjStRo,draw,sesturk,black,0.5
BcN1l2UH,resign,lavishgod,white,0
78Tz1jPw,draw,masoud1034,black,0.5
vU5gXiyX,resign,nik0720,white,1
4ljGzhuj,resign,maksim_nizyamov,black,1
vAzjKcQv,resign,rkommery,white,0
35DNwJJh,resign,mustafa-new,black,0
Jx2Zp1Gg,mate,mali1908,white,1
E8Y9gQHL,resign,ayara2024,white,1
pfnhzmkE,resign,pony_mode,black,1
Q9AT3G9d,mate,swescot,white,1
xhLC5tX7,mate,wolverineabualrub,white,0
C5DZ5QHr,resign,sebastiansamudio721,black,0
0VVf9x7O,resign,scaccof,white,0
Nrt6LlTS,resign,orlanino,black,0
fYxJ24Di,mate,asta2023,white,1
dbCfELDJ,outoftime,kaannkrkc,black,0
hbju79Dg,resign,zygimantas97,white,1
K3zCYaoT,resign,rastamanh112,black,0
8SZDO4E4,mate,sampaio4102,white,1
9XcFXryG,mate,milaskpe,black,1
8gI0Ap0j,resign,raffaia1,black,1
dSdM1DFW,resign,raffaia1,white,0
I3ZtIOds,mate,sumanfanofmikhailtal,white,1
Hw58ZJmt,resign,sea_knot,black,1
ScLYgPTU,resign,gauravrana28,black,0
qHhbxXGq,stalemate,delaziz,black,0
UXYsBJ28,resign,delaziz,white,0
zpDxDCDH,resign,clgabriel,black,1
Es9nVALn,resign,mrlaurentiu,white,1
Mqd81Axa,resign,airflou,black,0
3ceKvzK4,stalemate,muwonge,black,0
obRgX3FR,draw,oslo68,white,0.5
B5hPsFDE,draw,ramisbaker,white,0.5
eYPihhu4,resign,admetoss,black,0
XphWVm19,resign,diuafgiua,white,1
QjlbkQS4,mate,buetzeschach,white,0
8zHOsO3B,resign,nikolaskage,black,1
ifBw9dB1,outoftime,vr1988,black,0
GmlSXLji,mate,jekyll34200,black,1
CLE1BC9w,mate,sacrificioenfila8,white,0
e4zjI7cR,outoftime,hebertlosky,white,1
kb5pv55D,mate,abinmatthew,black,0
Wc50SUni,stalemate,ak1008,white,0
XErGAi0B,mate,phipral,white,1
WkHlZ4P1,mate,arseniy_maniakhin,black,1
A9BUni2u,resign,zcri,black,0
LjOczdfC,outoftime,andresbuj,white,1
eaeV0Asf,mate,titan1963coe,white,1
DImtfGX0,timeout,becausebrad2,black,1
UdUiuPAN,resign,jenningscouch,white,0
ox8rstA3,resign,rubiera,black,0
7g7z4GnJ,resign,o9669ooooo,white,0
vZ82IJW1,resign,youtubes,black,0
O9MYYBtb,resign,haydenp3,black,0
ENHMbBRg,resign,ukrop85,white,1
B2Vw4qlB,timeout,int-aglan,black,1
3B7MIbaU,mate,vogiahan5b,white,0
O0gYZo4u,outoftime,ibiza20,white,1
Yr44xyYD,mate,happywonderer1,black,1
IG5j1aBO,resign,eloygz007,black,0
4uuaUHf6,resign,eloygz007,white,0
B2q4OSfd,resign,eloygz007,black,0
QwrN4QrM,resign,lopijuk,black,1
vvHLhsgv,mate,mhmdrhassan,white,1
15EEmTwo,resign,jreischess,black,0
3LF7UF9T,resign,zepulece,white,0
xKomJZD4,resign,sanjidaz_5,white,1
7CICoL2X,outoftime,guenter1954,black,1
tssrZOUo,resign,cachicamobpd,black,0
YmtAFjZd,mate,maverick1a,white,0
KZo1bB2i,resign,lhamymolette,black,0
iK0RlLlm,resign,manrof,white,0
MeAmZQlP,resign,maksdav,white,1
RTejYZWp,resign,gerardfdez,white,0
Ztq6j7MA,timeout,chakkisu,black,1
kumdmmI0,resign,serpav2021,black,0
fBS22LLz,resign,zabhay,white,0
naoSpmvy,resign,vuk2005,white,1
9i6OKsXa,resign,sanchezd,white,0
im0XVELw,resign,javier2000,black,1
pzfwDTnO,resign,mauricioslrl,black,0
0ZbzcqRQ,resign,el_siumm,black,1
Xq4yUoE5,draw,rkhichi,white,0.5
fQL7VPyd,resign,maggie2,white,0
w0zJDB8R,resign,elnurismajil,black,0
80a93ujc,draw,nuriye,white,0.5
oW3rgQCe,outoftime,a-shklyarevskiy,black,1
HTnBMDEM,resign,sasivarunsaga,black,1
3NSCl6Px,mate,pro_grmr,black,1
W2WZBY3z,resign,blunder-en-passant,white,0
coMwJvGw,draw,stone48,white,0.5
ksLBbTpq,draw,entitledpawn,black,0.5
aQmn8Kb3,resign,shaola,white,1
idGYE96B,resign,user77770,black,1
SRtJufd9,resign,musoyanferik_gbou13,black,1
GbYb93QX,outoftime,maikl1999,black,1
vpOQF34y,resign,maikl1999,white,0
QYvaqNr5,mate,maulana1991,black,1
oVzIT9Hf,resign,maulana1991,white,0
FJEjmlDP,resign,zhargalova_beligmats,white,0
z0NuQpzz,resign,melocotogno,black,0
TlznJyeg,resign,simon9943,white,0
moezWKQY,resign,thiru1981,white,1
138OgVwm,resign,ferit3558,white,1
cguEaNYu,resign,sakartvello777,black,0
xUqVl7MJ,outoftime,juegreb,black,1
lxAo9jTA,resign,alejoboomerang,black,0
m6xwmHKl,mate,amaso4,white,0
MfmmMdL0,outoftime,noctam,black,1
6kGvvrg7,resign,noctam,white,0
fYZy92Ca,resign,kintarooe,black,0
kz4dHprr,outoftime,sujonda,white,0
6sLzSfVT,resign,noctam,black,0
2cOm4BqN,outoftime,iswansyah,white,1
TSwiMMhB,resign,the_rudy5,black,0
q0HrtSaL,resign,rione-monti,white,0
SQOdBhcH,resign,dante281,white,1
WZToAhud,resign,clarkleo10302004,black,0
rGbzJukV,resign,amiteshks264,black,1
frbHRPva,mate,matein123456,white,0
aygcbXyp,resign,arkan400,black,1
pQF4mjwA,mate,kaansenel65,white,1
tIEfFva6,resign,arvinno,white,1
p3PxPt06,outoftime,mmari22,black,1
slDrkprv,resign,peestermeester,white,0
05MBhbkB,resign,dadayaz,black,0
zdZwBUm2,resign,eddiered,white,0
iq3C7La6,resign,hkhridoy143,black,1
obOGKgzW,resign,pulgar0410,white,0
wKythchy,resign,chaouch,white,0
CsnnB3YR,resign,rookiejojoo,black,1
L8rZBYTz,outoftime,halilillo,white,1
bG4xj0eB,resign,rpvns,black,0
p80P9d5u,resign,paulb969,white,0
oaBqmCdd,outoftime,lgf530,white,1
gW8FNIRQ,resign,chrisw36,black,0
qkey17S8,timeout,shan953,white,1
CMicpbGe,resign,cccpatriot,black,0
xW6pSEpP,resign,slemanbaronz,black,0
Ea6lHHNf,resign,franmaroto,black,0
TIl2iGBG,resign,mhl1986,white,1
XKGlmj4D,resign,fafaon80,black,0
2FGso3B6,mate,dessipticon,white,0
XcK1ZUhZ,resign,nickkorn33,white,0
a7f02gso,mate,tunccnn,black,1
0ri4aekL,mate,semchyshyn,black,0
jrs47McW,resign,martinhongola,black,0
sr00WN5Z,resign,deardobiest,white,0
rswXvbYJ,resign,osos_2020,white,0
0Pd6dDJm,resign,osos_2020,black,0
1S7ZhnN7,mate,hkm2,black,1
EkiR2U9x,resign,onepiece13,white,0
IlYJxioH,timeout,rituraj,white,0
GE096Otx,resign,attackingchess1,black,0
slNwhHGI,mate,senegal_krsk,white,1
xNUnlpkW,outoftime,bistrica,black,0
L2tfPHZS,resign,major_major_yus,black,0
8BzUP9kK,mate,eddiered,white,1
qkejvDv9,mate,anton_vavilov,black,0
7vltyjR8,resign,pmdsd,white,1
hqdrLsvg,resign,veysel01,white,0
QqgGCqMN,resign,veysel01,black,0
yftuzNkH,resign,j0gurt,white,0
Yp5CRwpz,resign,seyfan,white,0
cHyEjmZZ,stalemate,krent123,black,0
wGXL9akf,resign,piqshe,white,1
IOAaoLhX,resign,murdabarz,black,1
oIqBWuXs,resign,bg1977,black,1
sO7vxguj,mate,xwessx,black,1
TAIUacT4,outoftime,xwessx,white,0
E0riRkLM,resign,davidahoppe,black,0
DPP3N0K4,resign,luizfnetto0,white,0
jFvnuSAh,mate,maesloop,white,1
phEMeNEF,draw,ilqar-qember445588,black,0.5
p8i5IsGG,mate,lalo1645,white,0
vmo8fGow,outoftime,alt423,white,1
rjsc8Wmv,resign,chessus-christ,black,1
RQTTBnIf,resign,bosporus170,white,0
UNco8ps4,mate,ghislain666,black,0
jhN9q6M4,resign,istvan1964,black,0
GSmar0KW,mate,sjugriff,black,0
frD6m2qC,resign,piedratripa,white,0
A7QHSzQP,mate,pszemski,white,0
51BrOJmh,resign,pszemski,black,0
prvZE6FE,resign,queenoflove,white,0
dIMRNkzs,resign,tormentor23,black,1
diMNTJQz,resign,bujia8,white,1
snVgq9fx,resign,txurtxill,white,0
ryaTjpHp,resign,eng0,black,0
GPLjCvSZ,mate,mrstray,black,1
TFfzrB2y,resign,manuhuelva,white,1
wxCSlqN2,resign,rambest,black,0
kb6rP1jp,resign,jayjaylobo,white,0
2s4fAxo1,mate,cengizs,black,1
pLTU4BK7,resign,mohamedelmoshier,white,0
P7ROC6e2,resign,alex030b,black,0
4bKxc1uC,resign,sanudin_ccn,white,0
0F4JaD3T,resign,jsmith2924,white,0
kXoDnhAp,mate,caginbaris,black,0
hZZHmm64,resign,suon,black,1
TmAl7WVS,outoftime,agni94,white,1
Ih4VHWor,resign,movemento2020,white,1
mPZsTaAt,resign,beastiee001,black,1
XPMXkvUN,resign,not_my_king_pls,black,1
hXrSUjh1,stalemate,krishika28,white,0
8R6TAtB1,outoftime,bferg77,white,1
k9n9JHnF,outoftime,subasankarv,black,0
aQQe0M5Y,outoftime,vaibhavb26,white,1
gJNgHdyC,mate,singonbolivar,black,0
63pbLvM9,resign,ramyxxx,black,0
J93X5Bw6,resign,admetoss,white,0
thVW3Tub,mate,sserp,white,1
PKx6yqD6,resign,dominator0,black,0
ukHTgCIZ,resign,sergiodaniel38,black,1
pp9TO1BL,mate,supremo72,white,1
z7jRnB2K,outoftime,gemayer,black,1
qaOCLfBe,resign,marco960,white,0
bs1X7yQC,outoftime,hmmmm_mm,white,0
gknwufbO,resign,epascuas,black,0
0TEpqaQD,resign,infe5to,white,1
WRa1nwV6,outoftime,cpalmerov,black,1
1fIChsWd,resign,beerpaulo,black,1
epogyHA0,outoftime,pepe-breizh-power,white,1
xX1XJYnM,resign,rezmak,white,0
VaFHN04q,resign,enal2260,white,1
krCVTkBM,resign,enal2260,black,0
kPqxnJo2,resign,drrruslan,white,0
qiPEif59,resign,baxili,black,1
sdeTakWo,resign,qvwd2,white,0
kqZrnZBy,resign,qkakimore,black,1
k18wAv3J,outoftime,wostok1,white,0
yb4ccEdL,mate,johnwettonalsogood,white,1
Bkl4gCr9,resign,tegshjargal,white,1
eGLv87J6,resign,tegshjargal,black,0
LHa7F3Zg,resign,lldelucaslima,white,0
sRElmCO7,resign,lerneschach88,black,0
GpNwFSki,timeout,feux,black,0
DduvuSLO,resign,kiltking1,white,0
qWCxw8gX,outoftime,fischger,black,0
c3S6yILs,resign,rahardian1981,white,1
j20uQePX,resign,abdallafarees,black,0
5J6ayvDE,resign,misclicksandblunders,white,0
fohUU2OQ,timeout,aleyanka,white,0
sQuJ8wsc,resign,nozimn,black,0
X7lL0Nu0,resign,joseph123se,white,0
Grac0sYM,resign,ashish_dashottar,black,0
ZnNFgM15,resign,perezmotajavier,white,0
DwKmUEhx,resign,salzderhelden,white,1
CuNOxNBt,resign,ikx1960,black,1
OAY71tsW,mate,dturbnjj,black,0
oTCwqda8,outoftime,gabel123,black,1
9zHlf4Ni,resign,sergeypozdnyakov1957,black,0
oNsGWm94,mate,le-fou-du-roi-lyon,white,1
zVKlty3z,resign,sawsaw18,white,0
box9IoYw,mate,sauravbroy,black,1
BFTZPxwL,mate,bernioberk,black,1
Tnv3ZDGS,resign,ali-shoib,black,0
emYSC4zs,resign,julesjulian,white,1
LGTBeIko,resign,leonidlugini,white,0
mMkOnjww,mate,bigmountainben,white,1
GcQufjlN,resign,vetal1982,black,1
QriBFrWP,draw,frodeveim,black,0.5
DUZuyCcc,resign,hailreaper,white,1
A7etyFmL,mate,charewa,black,1
gMKiqdPm,resign,arsam-karimy,white,1
gDSzDZ9Y,resign,partynice2017,white,0
WLO7WHvP,resign,dungurchik,black,0
Is9XRLo9,resign,pedropaulo1972,white,1
nfPcQkHh,resign,cebil,black,1
z34dAZs1,resign,purberger,white,0
5T3ZW30L,resign,rasdaniel,white,1
B5EYkGD5,outoftime,apr442,black,1
0XvoLoeD,outoftime,thanksforplaying23,black,1
qAscuAXc,mate,mori4rte,white,0
cEAgl6iO,resign,hpg84,white,1
dX3QPlmL,mate,caramoccom,black,0
8LRqDgXe,resign,sandratana,white,0
hRuMxKpR,resign,fontane66,black,0
Z7QwX67o,mate,legatusgr,black,0
l8gOClLL,resign,atoz8003,white,1
A9NlZinA,resign,deerao75,white,1
I94xnJPG,resign,parv0007,black,0
ck718doB,resign,rezaostad82,black,1
2UESwiQg,outoftime,mihelini123,white,1
sUhrbmvv,mate,idris-b,black,0
e3WtOgJe,resign,sundog_111,white,0
1SwIHz7k,outoftime,razorin,black,1
s9TgZPhh,resign,peterlaj,white,0
JmueCNl9,outoftime,cachomaffia,white,1
sOQKCWnf,resign,gghb99,black,1
oHQ0YhQN,mate,centerfolds,white,1
X71k83Hy,resign,drdrugjr,black,1
IXBDqH9Y,outoftime,t7anjona,black,1
afnS5zsg,outoftime,orkostt,black,0
4pcPIcCK,resign,orkostt,white,0
z6KzpZMo,resign,agarrcou,black,0
un1G956D,outoftime,devildice,white,0
kMNl7ugB,resign,caramoccom,white,1
GYRKJRNa,mate,alemingardino,black,0
eWpWsg0F,resign,muhannad32,white,0
QxmxlnTX,resign,plb21188,white,0
50tUsAq2,outoftime,aman1987,black,1
PSMzFjqC,outoftime,rawadhammoud4,white,0
1qRkcBEO,mate,tendernezz,black,0
xyl4FeJ7,resign,hulk_rosa,black,0
8CMx1fYu,mate,aec99,black,0
OqMByXk8,mate,fdel,white,1
4WZ4IJe9,mate,dominator0,white,1
3OWnnVG6,resign,luna_2718,black,1
5d6C99Tx,resign,inquable,black,1
7u3EIC7q,outoftime,georgeskm,white,1
UuiPA3L8,resign,iskander1337,white,1
gILu56ET,mate,ebishahverdi,white,1
cYMjE8vO,resign,skauzer,black,0
klOh5Nu7,resign,meowian,black,1
TQ6w9a6a,outoftime,gambit6650,white,1
k3E8g7Cf,mate,the_shepster,black,1
FzVHHFay,resign,jbpce94,black,0
TCvCqeCo,resign,parrotfish42,white,1
yweqfFMz,mate,serbn,black,1
YtECCMeD,resign,pawnstache,white,1
RjP0GQb8,mate,sirclinton,white,1
sx3n2nq7,resign,hello_69_69,white,0
yC6Z30JH,outoftime,ceger,black,1
wcUMPtkI,mate,bryand101,black,1
FM8GSLND,mate,lebedev_e_i,white,0
TxMZ5YmC,resign,mohosno,black,1
FWVgLLUV,resign,queenelisabeth5,white,0
V9vQh3Ix,resign,aseng257,black,1
1h14ueva,mate,jadi1988,black,0
63I6Qp84,resign,vhmvdstvrk,white,0
72G9Tare,resign,helcia,white,0
qf9YC4XU,mate,mrchana,black,0
bZrYbjdq,mate,stefanozen80,white,0
60ZtRztx,mate,nparvanov,white,1
FibYCiN6,mate,jadi1988,black,0
NiGsIBYM,resign,goranche,white,1
1L584nCz,resign,ptizzachess,black,1
9KQUo2HO,resign,donsimon70,white,0
q1zaQLtD,resign,alexanderschevtzov,black,1
rf39Gl8I,timeout,fl10001,white,1
CVCF9fhR,resign,paselviejo,black,1
qM6JXOQh,resign,zuhayrb,white,1
JePrE0aP,resign,sameon123,black,1
PhYBO1Sp,resign,jimmy_19xx,white,1
QMRR9XZj,resign,romansuckzzz,white,1
P3r4oM3t,resign,angel1972z,black,1
8KiJWRgd,mate,mott2021,black,1
u9F7X0Hy,resign,mott2021,white,0
0DJqne26,resign,dimondemo,black,1
mcJutkO8,resign,varechess1195,white,1
jpF8pPfl,resign,shimmersmile,black,0
YLujZz14,resign,ferchito14,white,1
AKoNNRy3,draw,dinmuhammed1982,black,0.5
Gg6RidKU,mate,nimmermatt,black,1
gNqvPHfn,resign,leonidpiter,white,1
nEWCOs9t,mate,ash1732,white,1
ZzpSNnFj,outoftime,pasha1980,white,1
EFwwqUf0,mate,pasha1980,black,0
YOuecmYG,resign,elchin1986,white,1
tAImxV46,resign,the_island_of_crimea,black,0
T1IJgYGx,resign,shockojj,white,0
q8YshEiI,resign,shockojj,black,0
HWLioD3S,mate,trainwreck66,black,1
it4EH95E,resign,iheartfortnite,white,1
un8kOMJP,outoftime,tikboy101,white,1
gMCVy4Xo,resign,bigbucey,black,0
jXgn6fHo,draw,lihaanlajith_1,white,0.5
e6bdVxYq,resign,lassmal,black,0
D7bkDaNB,resign,antoliv,white,0
hhBfnWGZ,resign,marcelopb68,white,1
m2jVZJOY,mate,delijadelija,black,1
7Z72LzPf,mate,memo7474,white,0
jhW4qTOq,resign,ebramov,black,1
LSXx6bNq,mate,spleen3007,black,1
aUf1ZvSG,resign,mlue2021,white,1
xHIAq58d,resign,ec-xte,black,0
YX07C3bJ,resign,nolanblunder,white,0
SqHnIOBe,resign,aandrzej,black,0
EpVMaLDq,resign,tashimovsp,black,0
UVjZhhE1,resign,albigym,white,0
fRFGT9RP,resign,sadeghshad,white,0
gkMH0yJ1,resign,kunalopp11,white,0
XCBihapb,resign,cumaginii,black,0
xRfRQpdw,timeout,nakulll,black,1
3GcRa313,resign,majnoune,black,1
WmRslT9r,resign,macho-nacho,white,0
ChUpFZ78,draw,razdvaigotovo,white,0.5
ZrU1RT3H,resign,wwvargas,black,1
QyiDhn2J,resign,preyin,black,1
uSjArb6F,outoftime,krimeball,black,1
QVSLZGe8,resign,wokha,white,1
tUFgWDv4,resign,jan_slovakia,white,1
sWGQELQw,resign,lugansk,black,1
uqKSLhSK,resign,mjollnir-on-64,white,0
UYOpiNKl,outoftime,mikepeekay,white,1
ZXs4WArF,mate,mikepeekay,black,0
SPdWL5uc,resign,mikepeekay,white,0
v8ZCeWCp,resign,mikepeekay,black,0
WTdF1XgN,resign,weteran77,white,0
sfTkk49r,resign,lordcharles84,black,0
MehnYsQt,mate,godaddygo,white,0
5eOknBwV,resign,mindstep,black,0
TZdeq7z1,resign,dydimella,white,1
UzTHC7FP,resign,teufelspazzer,black,0
9f1zIyrq,draw,mephisto22,white,0.5
TSsMUnb0,resign,romanoff72,white,0
zxxhq7nH,mate,dario_the_great,black,1
ZDNdAtco,outoftime,jojomadkip,black,1
imxnDlPi,resign,drunk_beard,black,1
teTz9Js8,resign,gibco,white,0
JC4P7sNK,outoftime,keysersozefatality,white,1
dA7uD8Cr,resign,alt423,white,0
rGhkLAoU,mate,matallain,black,1
cSbCaVkk,resign,keks-android,white,0
TUqelp8W,resign,subasankarv,white,1
cWHAxj2H,stalemate,johnnybvb,black,0
A7cumCQC,resign,frenchpower,black,0
k1UHt6Dt,resign,alexander_a_p,black,1
ufULUsKQ,mate,ashokvsaste,white,0
PoD6hjNS,outoftime,ivanovavera,black,1
MVUorBb9,resign,emleml56,white,1
nJmlt03A,resign,ghazal_mh98,black,0
8T0tDAf8,resign,sheroms,white,0
vNQzYyGq,resign,mfemjames,white,0
iGnfh5AY,mate,wheresmykomi,black,1
ODp3jU1t,resign,s_didukh,black,0
esJzMIF9,outoftime,novelloplatone,black,0
f7RPjoiv,resign,novelloplatone,white,0
UiL8LSJS,resign,psychologiz,white,0
4H5ATLcC,mate,drerkan,black,0
FYwD3q8a,mate,oldjohn,black,1
pcx5AQOG,outoftime,curseofkirsan,black,1
Vr4HxnhC,resign,jmcasablanca,white,1
0DKban5v,outoftime,n8stl,white,1
xo790mNw,resign,lihp8270,white,0
miKTQpBD,resign,zocazoca,black,0
bVu0xUfN,resign,yoyo1313,black,0
rnN7d30G,resign,aslah78,white,0
gtXiM6ME,outoftime,ayrtonsennablanca,black,0
Ft9kmsFw,resign,premasisb,white,0
u2I0Ea5N,resign,jschwei1,white,1
tAlbURzd,resign,valdoca,black,0
QoEWjvxs,outoftime,ramezanian,white,1
LqSZQT9M,timeout,zwockmaxijocki,black,1
Gl8Rocrq,resign,wabkar123,white,0
qo5x6Bek,draw,cerkuz,black,0.5
rPdeaWYu,resign,aghajoon1954,white,0
rzOWtuT5,resign,aghajoon1954,black,0
NVBP71n8,resign,harveyo1,white,1
JCw26LQ6,resign,visshnu,white,1
DjcMelFZ,resign,tarnokp,black,1
u71V2x8I,resign,intos83,white,0
nj5LQa8J,resign,juancho_dragon2,black,1
XPHBuKik,mate,lay0727,white,0
6dbSeh7T,mate,teattwo,white,0
sCzi67PB,resign,shoaibwahidy111,black,0
pJnXYnPr,resign,shoaibwahidy111,white,0
5q9ykuEN,mate,sergio1513,black,0
1tWezlCG,resign,jrpes,white,1
PhEREQCC,resign,jpx888,black,1
8gMmWdSi,draw,miled50,white,0.5
wLIvl4EQ,mate,saltison,black,0
nOY9krly,outoftime,joselumoma,black,1
NKr4mjRN,mate,muttaz,white,1
UcjHVNZ3,outoftime,aristo300,black,1
aBkVeRbn,resign,korea88,white,0
k98nxC5b,resign,rezao,white,0
GMLAjq3p,mate,abhi123dhiman,black,1
qmuG3yEt,mate,chukwuyem,black,1
pvCesAUk,resign,rudishslava,white,1
0jGLvjll,outoftime,kamil1026,white,0
Ul6F6KwF,resign,sicilianhomme,black,0
aGY0RQ8a,mate,luckyfish888,white,0
SCpA4KZ7,resign,mahmoud12_10s,black,1
Yp7AIzFz,mate,altachiara,black,1
ljiSmCry,mate,logman10,white,1
uljvIZQN,mate,tat_71,white,1
XZMBFV1H,draw,pasuevmaksim,black,0.5
gZyHQlH6,mate,clemolive,black,0
VDXv7J8Q,resign,clemolive,white,0
GJ1qyfeX,resign,clemolive,black,0
0c3ZVq55,mate,kovylinr,white,1
ycMYUo6k,mate,ayhan89_2222,white,1
TBrA9lNo,resign,agnaldo29,black,0
0Mpd7dYt,resign,dhananjay7,white,0
67dLN9Tu,resign,hype09,black,0
t0mLjiY9,resign,amarzaiter,white,0
mHi4GMbm,resign,intos83,white,0
kLfTZNIG,mate,sebastian53,black,1
6ZyxYYFu,mate,brainxart,white,1
ZfiGVXDA,draw,celeusta,black,0.5
9GW5sHxH,resign,artiec,white,1
d5UrX1hR,mate,doktorszachmat,black,0
rKKE7l1Y,resign,abdullahs1,white,1
8QjJif6g,mate,ayhan89_2222,black,1
EjHh8G5x,resign,onii-chan56,white,1
4qn1x0TX,resign,aziz654321,black,0
nZmzc1gy,draw,sergio1513,black,0.5
2soMBVbk,mate,sergio1513,white,0
yOprDDwP,outoftime,jgodddd,white,1
rqbUjpzQ,resign,defektzreniya,black,0
lv4NhI1H,resign,tohabanderas,white,0
nX1ENZWs,resign,bahadour_shah,white,0
qeftcp3A,resign,bahadour_shah,black,0
lL7l2Cqw,resign,bahadour_shah,white,1
fai5aYQE,resign,bahadour_shah,black,0
XNpyXIp6,resign,chuomcy,black,0
ma7SA02E,outoftime,karamikenno,white,0
1ttZ1F87,resign,cihangir1905,black,0
jC97pGZv,resign,ivanzhuk1973,white,0
LI0O2WGF,resign,evelyn87,black,1
3cPoxi1O,resign,rosebud64,white,0
yXUoHnFH,outoftime,hjag222627,white,0
o7SeB6Dj,draw,hanschabis,black,0.5
pocSibG0,resign,rfurlanetto,black,1
YE9E7q26,stalemate,plb21188,white,0
y4D1NPSe,resign,prime66,black,0
Gs5R6cfW,resign,prime66,white,1
Opi1oqbJ,resign,orpheus0607,white,0
xI0qSA5P,resign,danilabagrov2,black,0
93PZUzkZ,resign,pladdenico,black,1
dDp3gzN3,resign,filiperafaeli,white,0
EN4Ytu5O,resign,hisham3sayed,black,0
V58z9hXt,resign,carlo1957,white,0
iic2qcsM,resign,vld608,black,0
S5dVvGRS,draw,vardugin,black,0.5
2dQOrM9Q,resign,alex_th,white,0
VT8kkHnM,resign,vvdzhirg,black,0
ZpuzTPYe,resign,karlo2110,white,1
OYY6pz7c,outoftime,myseost,black,0
z8KGZBTf,outoftime,nssir,white,0
heDy7dsn,mate,lfs000,black,0
zOXnURU8,resign,lellobosio,white,1
dBZTb7C1,resign,sergeipatrushev,black,0
pOn8BlOf,resign,aparacha,black,0
nLTpKwVn,outoftime,paperoga3,black,1
T9B5bCk4,resign,pmodell78,white,0
OeKQiq0r,resign,pepone69,black,0
WhyLpqQA,resign,pepone69,white,1
ovv2XDy1,resign,tomtoxbox,white,0
bJ0RjXcf,resign,rucco,black,0
b2SdsH8p,resign,damrea,black,0
IhQjAB5A,resign,abdoboulek,white,1
SQptir9q,resign,prosachin,white,0
l1KdTc64,resign,prosachin,black,0
iVUjLXkN,outoftime,wabkar123,white,0
hSUv6ngG,mate,piszner,black,1
02tvqRjP,resign,demuohca,black,1
PwE35Xfa,resign,isomehowlost,white,0
gI8KP84z,mate,santos_io,white,1
nC8OfnuY,resign,skywalker013,black,0
6AI2kqvs,mate,piedefelice,black,0
VqsmTFmy,outoftime,strelec21,white,1
kqF9uC8g,outoftime,temarpa,white,1
mzN8Ylrl,resign,geshapb,black,0
jnAHuTNQ,outoftime,geshapb,white,0
ouBSvUkU,resign,hkutayngr,black,1
l6A3pi3C,mate,hkutayngr,white,0
FTUCCAaQ,resign,hkutayngr,black,1
QEIrhDrj,outoftime,fzt_punhan,black,1
0pn7hzHs,resign,fzt_punhan,white,0
cKmi3cNk,mate,elviejitomalo,white,1
G2RtkcIQ,mate,belovsa,white,1
2VW1Io9A,resign,belovsa,black,0
nKrzinsO,mate,nathaw,black,1
Vjt4z9sa,resign,mohit1988,black,1
aBETRkQW,resign,abosamir,white,1
LTr3aVsg,mate,z750r,black,1
f5TzwBFC,resign,pordemara123,white,1
MsDNAu0y,resign,daniluvas,white,0
mlnbVkzg,mate,daniluvas,black,0
Qo6maqfB,resign,daniluvas,white,0
ve3lzvan,resign,daniluvas,black,0
XHL2NHd9,resign,ochui500,white,1
zLfKYSip,mate,elguia,white,0
F4ejQGBG,resign,god_alex,black,0
jifz2vCj,resign,linawers,black,1
iTG1cuiv,outoftime,manni_66,black,1
qyyBFi51,resign,manni_66,white,0
5LcR12pc,resign,noble10,black,0
QRrN0Up3,resign,artem3891,white,1
FvnY9bgk,resign,jeff1919,black,1
uGvpqgIb,resign,poortony,white,0
BXF4ImMq,mate,psvsb,white,1
Ni2sg4sy,resign,psvsb,black,0
jeJDLhsA,resign,psvsb,white,0
eUfgdx7j,resign,psvsb,black,0
byUQS97Q,outoftime,sguanz10,black,0
r9c4YM7O,resign,nastyakuzmina,white,0
UutO6Udb,resign,redstar330,white,0
Z2SPEhfd,mate,manni_66,black,1
OMY2tFPW,resign,manni_66,white,0
PlGmWQKL,resign,ojobuho,black,1
pHnGAn6y,resign,juanf1974,white,0
FJRzZ94H,outoftime,sanjeeev,black,0
7K0M3w5H,resign,savasuyar,white,0
lSUT10Fj,resign,cotofmann,black,1
j4cyhyJf,resign,sarky87,black,1
OHNx0pdo,timeout,antonoiu,white,0
5gsCURfC,mate,cianobest,black,1
sCQhf0dd,resign,nikolanikolai23,white,0
l4bFvlPG,draw,paobea4,black,0.5
o2RFeP8k,resign,chessecky,white,1
D0Ytqqtx,mate,kingofbandit,white,1
EtsXVf9s,resign,brackattack1109,black,1
l23ESaxN,outoftime,archer1x,white,0
kSZYRaa2,outoftime,water4,black,1
o5voL4Kr,resign,al198,black,0
GzTPK4BF,resign,newmap,white,1
6A23zpJ7,outoftime,ervinkann,black,0
Kewt8ePL,resign,ervinkann,white,0
R21u37zp,resign,ionu,black,1
bU6WRDFU,stalemate,best_guitar,black,0
WnJtaay2,resign,ms795,white,0
Jkmr5GPt,resign,hard_laxative,white,1
iP8J8B7o,outoftime,cuenca116,white,1
OT0Q9Z46,resign,cuenca116,black,0
3kxmsoPk,mate,alrofegui,black,1
jYBEfJBt,resign,ovie_bobo,black,0
nWQw5Cgi,outoftime,ivtoskov,white,0
NbzsDHLy,mate,kakke126,white,0
aJ5r4csY,outoftime,bashir2023,white,1
bPkKbfdM,mate,cristalchene,black,0
2vA4zYOq,resign,a_fake_guy,black,1
YfG0g9PG,resign,a_fake_guy,white,0
tBzhCk0T,outoftime,iltis7,black,1
E7qxhETZ,resign,dhananjaytanna,white,0
T5Np1apr,mate,maurodesign,black,1
f0eO2ygz,draw,circoolyarka,black,0.5
81ohmNwN,mate,ramiros001,white,0
0HS0sOXJ,resign,stasmakarov,black,1
Nrw0rltL,resign,jacobbqq,white,0
fPHBVcni,resign,leonid28kim,black,0
pcOQIe3L,mate,bnenad,white,1
5laG9oeb,mate,nghandian,white,0
xjboZd26,resign,mera_juampi,white,0
hCQaMavY,resign,mera_juampi,black,0
DItXU6jB,resign,fonseca30,white,1
E8WvGuin,resign,haifahana,black,0
LVbUfUNS,resign,tedpp,black,0
URve8N3B,resign,bifplayschess,white,1
QaeJkMP5,resign,stev35,white,1
jK2xJXu3,mate,jakecollopy5269,white,0
KrOEGCUd,mate,shidoop95,black,0
2udu3Z82,resign,soledaderic,black,0
vVXMfG4c,resign,aaaka,white,1
WnFMnXTj,resign,babblerbite,black,1
wzlcP7Bc,outoftime,braboke,white,0
GnzdGYeu,resign,premasisb,black,1
jm7Msnlp,resign,stat-rosa-pristina-n,white,0
nPEsFZL6,mate,derwahrefuchs,black,1
iEr7kUjD,resign,derotsky,black,1
0qBHNPGF,mate,dontcare22,black,1
2LIGloTU,resign,zurpi,white,1
bmoR9v83,resign,muratkeskin,white,1
eH9XUQfk,outoftime,deo83,black,1
KzsuwNgI,mate,raven-1,white,1
ZhiUGTHD,mate,fahrschule,black,1
frT1Jt6a,resign,jirani,white,1
g5T9OQKd,resign,morfhi,white,0
nQRwHe6k,resign,afrikaaa,black,0
Wun1yXzq,resign,afrikaaa,white,0
lNvAdq5i,stalemate,dimachyrva,black,0
USYlDevn,mate,camil56,black,0
CH1spb4v,resign,korayeren,black,0
zR2VXAFW,resign,vaaivl535,black,0
mN7eu9D6,outoftime,vaaivl535,white,1
pyiKo46p,mate,nikhilshirke,white,1
BIpe66sf,outoftime,xxx123robert,black,0
KnAKvLZF,mate,poludnig,black,1
57ScX5Y4,resign,poludnig,white,0
zEUhwNx8,resign,winnietp,black,0
lOm85Zlt,outoftime,cierco2,black,1
JKiSz6pr,resign,niite-iyano,white,0
0tquek2G,mate,kenncat,white,1
20d7HfMG,resign,drivelikerory,black,1
FpmbIWAn,mate,bhanupratap21,white,0
S0tvWyXQ,resign,s_romanov,black,1
Oxa6jm3C,resign,riskypawn007,white,0
i4Qw9cp5,draw,anasstef94,black,0.5
D03DPhtk,resign,riskypawn007,black,1
LVwFzE6n,mate,jcotton648,white,0
1qPlONkm,outoftime,syarifjgkrs,black,1
5luvbEsy,resign,kblrgblz,black,1
P3KMotGs,outoftime,jimmy_gummy,white,1
MUTGeIwg,resign,kingvalera,white,0
pK4sdvMz,resign,iamhighsry,black,1
CJUak5hg,draw,rajesh_9845,white,0.5
UMcbngcy,resign,asitjoshi,black,1
71vs7dnk,resign,bad_strategy,white,1
s8ZUol7l,mate,pavan_m,black,1
JNnYnWJO,resign,yodaear,white,0
Ap9wQiJa,outoftime,noble10,white,1
hN8qP4SC,outoftime,seb2000,black,1
EL1wqLuW,outoftime,schoffhy68,white,1
HBOmvRw0,resign,ahmedalhazeem,black,0
Fr2aC33V,resign,alabro,black,0
rbz8s6Ta,mate,clleite,black,0
KtztL0qt,resign,l0378,white,0
6tcbNfX1,resign,swimming_elephant,black,1
szo8Vtdt,mate,swimming_elephant,white,0
sigNIWeQ,resign,cicalese,black,1
k8jyPaiG,resign,damied,black,0
9mDX1pbo,outoftime,grandmasternsour,white,0
kCWgaoox,resign,chessmath22,black,0
IFnSg2SL,outoftime,acecalzone,black,1
Rowci3ts,mate,jvdge,white,1
bogSEtqx,resign,raulgauri,white,0
0PEjDShs,resign,alismn,black,0
NP6Hj0Zd,resign,alismn,white,0
SDdmKm4G,resign,alismn,black,0
7Xl1IuVN,resign,thequota,white,1
IRCrNBK2,mate,dimsem8,black,0
cQMiI0dp,resign,rapidpt,black,1
vTWXvG5C,resign,eveonlineman,white,1
VtFVbbrM,resign,sedof,black,1
ltkG8cye,resign,onl_gamer,white,1
NgT5WFbn,outoftime,lausig,white,1
tJPSyyV9,mate,vitasvir,black,1
P6DqLAQR,draw,anypainting,black,0.5
sW8rXtEC,mate,hamid3344,white,1
Iei4poUy,outoftime,mohsenhj,black,0
KVa98zWc,resign,mohsenhj,white,0
plreU2uG,resign,mohsenhj,black,0
NgXkrAUD,resign,arttime,black,0
UyOKiCCL,resign,blonda1,white,0
MuURMogN,resign,vaneussa,black,0
MF7PwnzY,resign,vaneussa,white,0
E1VwhlPp,resign,vaneussa,black,0
O3eWbe1T,resign,vilaboa,black,0
bufLucwG,resign,trejdych,white,0
YUbau8fG,resign,stexupery,white,1
3rwKJOXz,mate,ossalmanapr,black,0
KS36jj3O,mate,pierognani,black,1
ieRuzQrQ,mate,billzdante,white,1
dysfJSR4,resign,wrgnstjn,black,1
WU9jJ8Fd,resign,wrgnstjn,white,0
fnxCDbMF,resign,ente66_the_paranoid,black,1
xnCJxguZ,mate,courage-63,white,1
LXb8AcrB,resign,seensomegambitvideos,black,1
m7v7bAYN,mate,fruityloops-florian,black,1
baQvm0vO,resign,pedro_garrido,black,1
Awo6Dkua,resign,pedro_garrido,white,0
SeL4N8jR,resign,pva1976,black,0
NYyPNHqM,resign,forensik2020,black,1
HOZnnXPZ,resign,chesswar247,white,0
zlPSBV7E,resign,gianpy1971,white,0
zaqoI7zu,resign,kek_chpek,black,1
HwQLM4TZ,draw,tantakelly7,black,0.5
lBMz320m,mate,tantakelly7,white,0
JcaVrw82,resign,jose_angel_dem,black,1
VVUzJcXo,mate,ayilmaz61,white,1
Nz0wAPIk,resign,viyezgo,black,0
USyqnnms,mate,fadiwardeh,white,1
En56hmIH,resign,jamal1959m,black,1
pN18F0pl,mate,vikek,white,1
iKf1ZR2c,resign,egdiesp,white,0
QIDuJl77,draw,andrea_cute,black,0.5
DgGL7cNM,resign,bennymcfreewin,black,0
h90JhgSn,resign,palitochino27,black,0
axk2hJFc,resign,petriukas,white,0
XpY2AUcN,mate,rsorokin2023,white,1
8ZLWuYEH,resign,chessallix,black,1
nz56DgDP,resign,stevemcc,white,1
b0hivoS0,mate,viktor0008,black,0
ikybX2kZ,mate,danoskela_82,black,0
OKSUIzS2,resign,cessatchess,white,0
YHxQieCI,resign,princeps_maxima,white,1
pys5yRxU,timeout,epicblunderer69,black,0
WyoJSrIO,mate,a2018alex,white,1
YVuVflDv,resign,sergiojimenezkr,white,0
nXgn7rMi,resign,muzilla,white,0
IlAj0z2j,mate,azizbek007,black,1
wDrTP7Fl,resign,osm_2710tr,white,0
74e4cRko,resign,peregon,white,0
QowTZgS9,resign,peregon,black,0
9dT4wUUT,outoftime,ma_be,black,0
KJ0l90KV,mate,s8888k,white,0
SoIaAI6M,mate,cedric120,black,1
7QHrothY,resign,eddi1996,white,1
txkUdIrI,resign,portal2anti,black,1
47tI17q3,resign,eugdan,black,1
gL1pzgk2,stalemate,angelito818,white,0
VIBwueyQ,resign,uratul,black,1
NKi98fTT,resign,stojans,white,0
X4FLN8QN,resign,evgenibsv,white,1
KHlf9p3W,resign,aleksandr_starlight,black,0
cQZHi1IE,resign,rezende4000,white,1
8kRMvL6j,resign,daemon785,black,1
IHSyCOE9,resign,hussein_ismail,white,1
CzJEG8y1,stalemate,zeemax13,white,0
QdtOOKgX,outoftime,mihelini123,black,1
RAVERX3o,mate,kiksing,white,1
EpDdMTK2,mate,kiksing,black,0
qKP6Hcoy,resign,kiksing,white,0
KGeUoXKt,resign,tmazur,black,0
Nr4JL8mS,resign,teo123,white,0
24SWMugg,mate,burnny12,black,0
ZrQrFjas,resign,lomov15,white,0
yXFasCd3,resign,e_alexeev,black,0
CNi3Fx3E,resign,er_bory,white,1
ojZ2w8cj,resign,sc4tt3r,black,1
vcA0dBNZ,outoftime,wed_med,black,1
6P8UXmQA,resign,andycole,white,0
mcyvn3YP,resign,degullegokker2259,white,1
otS5fGae,resign,rawad-ar,black,0
mWb99Nlu,resign,rawad-ar,white,0
oBqrDPRD,resign,patbu,black,0
2m4vjTit,resign,gfr51,black,0
3sJ1wVh7,mate,keiver349,white,1
9PAOp6CH,outoftime,sonobond99,black,1
3cOAYK3m,resign,keksic1,black,0
GLhRvrSj,resign,lucreciobg,black,1
4l4e4UzA,outoftime,yuli_yy,black,1
QcrvGb4R,resign,yuli_yy,white,0
NOHWXysh,mate,ufufanama,white,1
dnamJWd9,resign,caslyndelizon,black,0
2bTBzsjt,mate,rauf007,white,1
giB5nsgl,resign,bb28,black,1
BQbD5S35,resign,arudireddy,white,0
Ptepvq9N,resign,husseingalil,black,1
H6sLNYCa,mate,esjay_in,black,1
xJk24wyR,resign,esjay_in,white,0
pXHdKlaO,mate,chessmath22,black,0
YqD6bRkv,mate,zadnik,black,0
tT4ugZ7t,resign,o2gur,white,1
yF7n5ax1,resign,andrgo,black,0
AhsX02Xw,outoftime,acelocks,black,0
2FxbVhtC,outoftime,semenbigchessboss,white,1
h5fNpYnW,resign,greg_254,white,1
exSZNu67,resign,tiano83,black,0
KbVWZ91v,mate,mirkazero,white,1
2bq6pG8k,resign,lee-on,black,1
5Fz6sakK,mate,dadawidada480,white,0
Lut1axII,resign,janholtz,black,1
0yVTnuvJ,resign,ilovechess244,black,0
LNkSZS4y,resign,dmitri8,white,1
bxUYJpyv,mate,ramkumarram,white,1
E4dgD8zh,resign,skyhook65,black,1
b9V5wiRS,resign,satelit,white,1
boKjVgVZ,resign,ritesh1191,black,1
XI835KHO,outoftime,islag,black,1
86w8BHH0,draw,gsfilox,white,0.5
EgXwdWVh,resign,gsfilox,black,0
gvxvxqBY,resign,andreas-hoppe,white,0
nnmJNLUz,mate,rookiek,white,0
La8YCLaI,resign,mannixcannon,black,0
58MTfsyT,mate,pb559,white,0
xUaVmlmL,resign,sajad5140,black,1
RaRDCMij,resign,rabenfeder70,white,1
QMXClCfw,resign,etassini,white,1
JqiTK60p,resign,gt31978,black,1
k3tXe7BJ,mate,murdjo,black,1
3klyVC5N,resign,salahayman22,white,1
GbVYeEFG,outoftime,xfeelix,white,1
Yxdlxq3H,resign,mrtav-ladan,black,0
SbwPBcoa,resign,gt7792,black,1
uTeHHhDt,resign,prateek_prakash,white,0
n6hXhYZO,resign,mrtav-ladan,black,0
4fBSkPJ0,resign,mrtav-ladan,white,0
VwHJr8Xw,mate,vishalsingh_221b,black,1
shFJhF7j,resign,maejin,black,1
fLqctXtf,stalemate,jasonpaulsen79,black,0
mHQJDYW6,resign,duuurrr,white,0
bZLv4MtU,mate,dmitry178,white,1
mACj7zHG,resign,somozak,black,1
8CXmHMvc,mate,aov1951,white,0
4WIXk2JD,mate,a_ebrahimi30,white,0
YupyvfMe,mate,a_ebrahimi30,black,0
5jdzCGSZ,resign,jhonpapirico,black,0
rb1wAttn,resign,pitsionoros,white,1
Nn4DxFeY,outoftime,vulele,black,0
xnBES3YU,resign,manojjacob,white,0
DOipkuvh,resign,lybitel200,white,0
dWtCQCgJ,mate,dencoc,black,0
J9rPYAYx,resign,rarelyadraw,black,0
wDdEhdsm,resign,tjckso,black,0
uyArnHUr,resign,guygrey,white,1
J378wC4h,resign,murtada-media,black,0
282MeIAj,resign,izzetgeneci321,white,1
bYolKZ8K,outoftime,planbost,white,1
fCt2q1Tt,outoftime,kristijand,white,1
5mQooRei,resign,templarrico,white,0
lbankc8Z,mate,templarrico,black,0
U8OtbFPt,resign,lanfear_797,white,0
vT818bn9,resign,gonnawin123,black,0
5vP8CD6T,mate,grapes97223,black,0
Rr3UKIwr,resign,ivanmihov,white,1
TjllCGua,resign,gg1b,black,0
ZXzwQFRT,resign,sumer777,white,0
ozxsQfaa,outoftime,alokx210,white,1
gtBeVJUs,resign,sherlock00,black,0
arZSMeYn,resign,remo06,black,0
7UfRspQ2,resign,samoila,black,0
6L8Jxesu,resign,n_athan,white,1
7BkRrCCM,resign,josegomez1974,white,0
8iMow9eo,mate,ilyinsky,black,0
hnw6infm,timeout,srdjangrujic,white,1
xfjy82mL,mate,sidvallschack,black,0
t2RDTpOD,resign,undisputed11,white,1
IJM9Bmnx,draw,stoicstrom,black,0.5
kKgAfwVO,resign,whysir,black,1
0hbXvqy2,resign,rudolf_pfuelb,white,1
emvMWKdz,mate,ftawk,white,0
u1A1RnTB,mate,tomoles,white,0
BfJT4O9L,mate,c1ue1355,black,0
mym8eFkq,resign,naive0912,black,1
BrAA2xhn,resign,yukiosway,white,0
wDi0GvuH,resign,cidragon,black,0
hI9PHBbT,resign,mike1164,black,1
S4regFPk,mate,mike1164,white,0
eWQNkzSg,resign,midman66,black,0
cMPwXKm0,resign,irencjusz,white,1
1DTD9WtQ,resign,haybars1903,black,1
y4EpUDG7,resign,ba2nde,black,1
iSiRzuij,resign,ba2nde,white,0
1G2SKYZ0,resign,schach_martin_53,black,1
0CkSsTze,resign,amazing_apa,black,1
2tRvpqGl,resign,amazing_apa,white,0
Mz5hI7w1,outoftime,steinschotter,white,0
c4cj5uT6,resign,steinschotter,black,0
lVbZI4QT,timeout,swayingbollock,black,0
3fZb6P7f,resign,happychessblunderer,white,1
flX565hE,mate,unknown-name,black,0
Zbx4ns56,mate,dansandrov,white,1
fYpWJAIJ,mate,fred67,black,1
HBU6AVIn,outoftime,zaldy01,black,1
rmMWMiww,resign,conflict82,white,0
sCzIfuQz,outoftime,petrokamin,black,1
vE2nINKR,resign,panchotrujillo,black,0
8Fb5mfl5,resign,michaelcorleonebg,white,0
wYJOMp7e,resign,dr33ww,black,1
Yc2rVIgM,resign,newagerage,black,0
0LE7dP49,outoftime,gregattac,white,1
VcuNkcVv,resign,sid_dis,white,1
QaWrbdBD,resign,ram1836,black,1
LRUfpWSv,resign,ram1836,white,0
BnS5TGGP,stalemate,elfresco,white,0
Omgp6hLf,resign,al_yaquv,black,0
GqzhMvqO,resign,dafunmaker,black,1
u8eVj5up,mate,dardo2,black,0
rO8YmEm7,mate,bahti,white,1
yiD0uacT,stalemate,antonio158,white,0
ZkzWhUmM,resign,microsw,white,0
QYWO8lZu,resign,tomtoxbox,black,0
G6HNZ9xZ,mate,ademmansouri2009,black,0
5WodNar0,resign,kancil80,white,1
AkHM3FN3,resign,m_30toff,black,0
iblKalep,resign,lctrs,white,0
Q7Pu2XA2,draw,macho-nacho,black,0.5
gai1msuj,mate,macho-nacho,white,0
8NxlXafl,resign,wanttolose,black,0
cAVlIBSO,mate,vik93,black,1
8W2KaGgp,mate,richshyyear,white,1
97ursjoj,resign,mikhail_85_edc,white,0
IGcWNkOi,resign,mikhail_85_edc,black,0
TdLeM2w6,resign,mikhail_85_edc,white,0
PAeYy679,resign,dzikidzen,black,0
HVtOnahx,outoftime,weddan,black,1
9BbHkvjD,resign,rheyhoundz,white,0
zw3NrBe6,mate,natali217,white,0
f7UOS5xZ,resign,zumake,black,0
LzlFoLOt,resign,everyones_a_cheetah,white,1
vs0SO8EW,mate,playforfunxdxdxd,black,1
fipnz7Lx,resign,ghost,white,0
Oy6FVyx1,resign,karatay72,black,1
er18CCrv,mate,wbcurry,black,0
SKmP8is0,resign,jamigda,white,1
ahcmzpk7,resign,chessmasterblr,white,1
DfpBE4wf,resign,booyakahshaaa,black,1
eQv2Co0A,resign,falco73,white,1
cuZZV77P,resign,theknigh,black,0
0ilkLyJc,mate,aytac60,white,1
u28Mp6BP,resign,prostik1988,black,0
iTdnAR5g,outoftime,inquisitor_frid,white,1
DxcOYGwa,resign,erifire,black,0
N3tdJ0bc,resign,harrypotterof,black,1
o6eNSyjl,timeout,thesamsam,white,1
Qrc9A12e,resign,sashaverschitel,black,1
G75gOsOY,resign,kurosh1394,black,0
fv9o4fzh,mate,kurosh1394,white,0
ux7CGXGe,mate,victor-ie2020,white,1
XWDpR3p1,mate,bobby46ub,black,1
RiFfJV8p,resign,durgasidr,white,1
UejZ7dNL,resign,borrenbauchi,white,0
kBWY2aKh,mate,shaikshakirbasha,black,1
0DjAEgOX,outoftime,asmkf,white,1
WUzFqpTl,resign,cosmicenergy,black,0
PgTBRCGe,resign,cerebhro,white,0
haf945iL,mate,ammar07555,black,1
cgnL88Y0,mate,mmmm4444,white,0
rfO6xKFK,outoftime,hzlbrn0708,black,1
lNMOZ102,resign,fleckes,black,0
f7Ksx4BA,resign,alman1978,white,0
VPgSG4U0,resign,kriks74,black,0
WCurN5PB,resign,jimmytheneutrino,white,0
D9R09OjX,mate,fulyatokgoz,black,0
q2PuJgQS,resign,coxorg,black,1
5Ejl2niu,mate,coxorg,white,0
Vu1wG9xx,resign,aloysius23,black,1
SWvuSVWx,resign,begsluck,black,1
A9EDLA8z,resign,begsluck,white,0
YXIPFfVO,outoftime,ravisarraf21,white,1
wfFk8IA5,resign,ravisarraf21,black,0
PlFTb11J,resign,dhruv_deshpande0108,black,1
tjopUDcW,mate,levorator,black,1
wm2gv2FV,mate,lorezecchin,white,1
mFXOD542,mate,mrseqofficial,white,1
nP9EglZe,mate,cheicknilou,white,1
0OSDgmEa,resign,art689,black,0
2N8pqtNp,resign,rumlovingpyrat,black,1
pRY7cj4j,outoftime,wackyabhi,black,1
3Z8D4CZ4,resign,ludonix,white,1
odpeI33F,mate,serg65vrhr22,white,0
v4MsvTNv,resign,kurosh1394,black,0
YjNdgEkI,mate,plbrasil,white,1
2ElySxbp,resign,angelfargo,black,1
k9f1a5sv,resign,angelfargo,white,0
nA5X29TV,draw,nonamechesss,white,0.5
BPrvIjSM,mate,ekozan,black,0
Fy6g1hra,resign,aliksey0103,black,0
YN6Osex1,resign,prashantku007,white,0
pnJUGPFp,mate,yasmanimendoza17,black,0
dSkNJkNk,resign,voljan19,white,0
8CJacRqD,resign,elreverendo77,white,1
fMBygbHo,resign,elreverendo77,black,0
G9MEbZlZ,mate,mathu21,white,0
Bigkld5C,mate,aldebaran1976,white,1
YB65Qp43,resign,aldebaran1976,black,0
rrPK9gpa,resign,mamive,white,0
XheriJ6m,resign,sahzad01,black,1
gRfQXzhy,resign,tinnulion,white,0
7MlEZgU6,resign,tinnulion,black,0
pqBErsqb,timeout,ajaxey,white,0
dohAl9lb,mate,davalq,white,0
1LEDVBIc,resign,pintibus,white,1
M84NM6AJ,timeout,alfredorrr,black,1
jpuVJP3m,resign,jdar1312,white,1
7udM6qvo,resign,gokumantap75,white,1
d8WZo1ED,resign,dieguete94,white,1
jS0k99Od,resign,dieguete94,black,0
e5Zfmbqk,draw,zlate,black,0.5
FFpCH7N6,outoftime,talischess2,white,0
TyED2oIm,resign,maverick33,white,0
2wgnC3qZ,resign,abhi_s80,black,1
cfBdvzuD,resign,pezhman_1575,black,0
e8HifFTD,resign,woo44,white,1
eL4t4gBG,resign,st0cazzo,black,1
FztECRaJ,mate,gamoma,white,0
ZXlDIFXw,resign,t-t-t-t-1,black,1
dcS53pIA,resign,amar_yassin2022,white,1
vuRBvKdu,resign,townhall300,black,1
oK9Tx2dD,resign,gordienko_a,black,0
dgA061rz,resign,tygotee,white,1
y2STTGak,resign,schinderhannes,black,0
mDgq6N9q,mate,mathu21,white,1
BfB7WKDH,mate,ricmusik,white,0
2Rh9EyRk,resign,vladimir0941,white,0
KYgl1j4o,outoftime,vitussss,black,1
mt6GD1IZ,resign,ryanandrewmarquiss,black,1
xtzKqJMx,mate,enik76,black,1
YemNeOne,mate,unusually_fat,white,1
mIzvga3y,mate,salman_azka,white,0
npseVvTd,resign,gg-ilyas,black,1
0a2bBq28,mate,huguesdr56,white,1
A9fTrWJG,resign,miazaki-san,black,1
sx2P0Jjg,resign,burkimon,black,1
w5i3jNlR,resign,malihaa656,white,0
nVShK3tv,resign,dirkov,black,1
Rbdbl1Zw,mate,kaptainblunderpants,white,1
tkXaF87B,resign,cheicknilou,black,1
6MPFt8ZN,resign,mrch1ps,white,1
76yCCdZq,mate,aamer19,white,1
H5pPfo8P,outoftime,serdarenser,black,1
pu65FZjU,mate,jjbs,black,1
TfujKNbF,mate,jjbs,white,0
ZYXx743N,resign,jjbs,black,0
uc70CQ2t,resign,fathizahra97,black,0
zWeR4VkH,resign,narack,white,0
4TsPNOQj,resign,dmitryzhirnov,black,1
eKOHaxdz,timeout,mrudy,white,1
oBIYVvNP,outoftime,vld608,white,1
4DeO92Iu,resign,idtl,black,0
2M3TXMzd,outoftime,svsoni,white,1
hhJEMSl4,resign,svsoni,black,1
ZBE5tG3Q,mate,svsoni,white,0
ZGjfBZzD,resign,svsoni,black,0
euqkFV5W,resign,edlearn,white,1
1IHidkli,resign,veqrin,white,1
suB3dC0k,resign,veqrin,black,1
a5GEzSwL,resign,pascaljouetropvite,white,0
bbsFahZP,mate,lenidas,black,0
ZY4MXBz9,resign,trebuchet19,white,0
K0R9r3KS,resign,psk9,black,1
BFehakhu,resign,viking_pfr,white,1
VigydU0k,resign,cengizbaygar,white,1
U6j4jnyN,mate,edinka,black,0
bNQZExCK,resign,nisargjoshi,black,0
SzTQmv8E,resign,vajrankbali,black,0
RoIfWjPY,mate,vajrankbali,white,0
FwbKXsmA,mate,ehsanhamze,black,1
W6OcfIIK,resign,jshubham687,white,1
OQQKlwOV,mate,dztamertal,black,0
44wYxoM4,outoftime,rayo_carrito,white,1
UznwG0OC,resign,knightguns,white,0
dQreK8KE,resign,knightguns,black,0
rADyGmgV,resign,chewypotatoes,white,1
onTWSuXR,mate,chester13jp,black,0
cIcynhWp,resign,aligtr,white,1
FAyKjyh7,mate,er_bory,white,1
LSQTXyT6,outoftime,flank_fire,black,1
olvYlNYz,resign,ishak72,white,0
DkWCh2uC,resign,sebastian53,black,0
t2F6LQap,resign,nelson071772,black,1
6TbSrKxe,resign,f-salem,black,0
SWv40DNc,mate,astarfas,white,1
rUnefoQ7,resign,lincolnwilliam,white,0
fBFK7Nno,mate,ali94t,white,0
4Qo1KUaY,resign,misclicksandblunders,black,0
JTnyQJIM,resign,obecko,white,0
3c8HXk70,resign,ramisbaker,black,1
MYpVMIWk,resign,ramisbaker,white,0
ku4r4nHy,resign,anasstef94,black,1
j5byDZf8,resign,airton44,white,1
bz2wkrPc,resign,nirbhay786,black,1
MD4MmM5n,stalemate,aaathena,black,0
kVbgjUY2,mate,pankajtayal,white,1
umyZm7dq,resign,wiikil,black,0
oJjAwm4e,mate,katy2015_ku2023,white,0
1guDq0mq,resign,wilmervaquero1,black,1
bAlquunb,resign,dieeisenbahn,black,0
3AYDJybG,resign,amalcon,white,1
6gvINuKx,resign,morteza850,black,1
f8XyUxiu,outoftime,goldmedalbridge,white,1
fyeeWHcR,mate,turay,white,0
L1qklOJw,draw,mr_antares,black,0.5
jSLGUA7v,resign,skrbajpai,white,0
EQCJykxK,outoftime,rockyshahi,black,1
jJ4kVKk0,mate,rockyshahi,white,0
DzY4ew0L,resign,rockyshahi,black,0
C0BDn02j,resign,filizili,black,1
mH9O6kDK,timeout,kuligabus,white,0
G7cFFxld,resign,cgencoglu,white,1
9tX7JpJg,outoftime,lekkerluuk,white,1
93y9flXJ,resign,biteyface,black,0
BzlufreD,resign,anca1976,black,0
1QoLvkbX,timeout,iisoom,black,0
I4pqpgKh,mate,pujardeepak,white,1
bOfjuOll,mate,ufirfi,white,0
lZetROSq,resign,ytbjs,black,0
DUywBYzC,mate,queekcheck,white,0
e57SBHxb,draw,queekcheck,black,0.5
8ygeaWsi,resign,jan27182818,white,0
nWsW9FW0,resign,leirbag39,black,0
HjzsTAaU,resign,leirbag39,white,0
8aOA7Avo,outoftime,dieter73,black,1
P1BjZkof,resign,biswaspradip,black,0
05g2mCcl,outoftime,alexkrasnic,black,1
FIe1CSew,resign,jaideep2511,white,0
Cvm7Ou14,stalemate,toafy,black,0
R9kPxK1Q,resign,toafy,white,0
OMv0MOQj,resign,ribble_t,black,0
m98FxeBa,resign,saintask,white,1
jXFFSjls,mate,victor_number1,white,1
HH4WDhJ8,mate,dimipap,black,0
ybownMUY,draw,despistado_siempre,black,0.5
tr6xDCwo,resign,persheug,white,1
69OzD6XK,resign,kikichoreman,black,0
ksUXnH4E,resign,threestepsahead,black,0
DRzaIMj2,mate,roge2010,white,0
HAquaIx3,resign,hypotaxis,black,1
X4gIPonf,resign,alexanbang,white,1
52q0E10y,resign,sty_smack,white,0
uMhT7Fma,mate,tetreez,black,0
1sgt8aCV,resign,shanekdavidson,white,1
f0qCxqQF,mate,vikteur,black,0
cA9RfLg5,resign,mrliioadin,white,0
HkVXkejm,outoftime,jeanie017,black,0
0UcyrXrN,timeout,onsarigo,white,1
fhCCWwfF,resign,magnifico31,white,0
no1VGt7W,resign,magnifico31,black,0
cVimYVEH,resign,magnifico31,white,0
dGJZhBy9,resign,tempdumpst1001,black,1
A73htnM4,resign,subasankarv,black,0
eIuDxJaT,outoftime,ludo9567,black,1
snlYyluX,resign,pcante,white,1
Xqwf6Lj3,resign,janardhanrao,black,0
GdOq3mBA,outoftime,djs,white,0
3wKtsR6O,resign,aizhin,black,0
kJri9OyO,resign,malek19,white,1
bMtBRH1h,mate,youlllost,black,0
EsMRMMAP,resign,jivir,white,1
kp0AcDfP,resign,serge808,white,1
TknRIJSd,timeout,fabianosephirot,black,1
L3az8cIg,resign,z3non,black,0
oA5ABT2o,mate,martn,white,1
OJi5prxP,mate,chessxdamon,white,1
EOcflw93,draw,qwsddxn,white,0.5
Bg7knofU,resign,qwsddxn,black,0
nDb80ZJe,resign,roycom,white,0
AzFBtWcg,mate,danielnaes,white,1
dbd6kvPm,resign,asabiyetten,black,0
1ggXWvEb,outoftime,atataken,black,1
mBWZm3Aw,resign,massicicci8,white,1
s5AuDBYI,resign,massicicci8,black,0
Jyc9F3ws,resign,ahmad088888888,white,0
4YveW5t7,outoftime,sundog_111,white,1
xb1DUWp3,outoftime,finnjake,black,1
M0mSGNoQ,resign,bycio,black,0
xbk4JYE7,resign,ownlife,white,1
eznPslNE,mate,siavash_kh69,white,1
tX0MgKou,mate,ser_kuzhuget,white,0
fnhPqtlN,mate,lambda_8,black,0
wmCRSCNZ,resign,sturm0212211324324,black,1
KXJJg7dF,resign,rahmoun,white,0
g4GpwRYE,outoftime,sifredihot,black,1
fcAKM78u,mate,marcus_stecklow,black,0
Tvd3VQ6v,stalemate,moloko73,white,0
vcqElb84,timeout,vasya1983,white,1
8hXAj41D,resign,badredinne47,white,1
v14I4Mdv,resign,turunckafa,black,0
2GkT1teO,resign,hitokirizac,black,1
5i3P5kN5,mate,jmprat,white,0
UxkHMjab,resign,namanese,white,0
tpe3r8Ll,outoftime,thehumblestqueen,black,1
NCernOfm,resign,ayamiya,black,0
DcSrUWoc,resign,luckycheckmatey,white,1
XPkFQYr0,mate,nisse33,white,0
qbeYgx9y,resign,alperkaynar,black,1
IEmDAI8U,outoftime,atom00,black,1
PpkpN8Tn,resign,shockninja,white,0
F9XYxlZS,resign,mahmoud12_10s,black,1
f7YPILJJ,mate,umar777,white,0
RfwsC1o2,timeout,carlovalletti,white,1
3G3SCEbt,mate,kingnick43,white,1
6rgkG6hT,resign,kingnick43,black,1
NS2z8yYp,resign,marius1984,white,1
0OnqCw5h,resign,dinesh018,black,0
tx9jbbQY,resign,erikos1000,black,0
Xeux6gBp,timeout,emjiger,white,1
NBCHekq8,resign,nightttblueee,white,0
98SqR6ug,resign,elias_gumercindo,white,0
LJxbBSnR,mate,elias_gumercindo,black,0
bqHn7ej7,mate,makarovs,black,1
GR6hLWUF,outoftime,go2356,white,1
e9bPafOV,resign,brandochin,black,0
zw7TB9qE,resign,malachiteknight,white,0
uIUR28Qn,mate,millerzayat,white,1
0UAdsJ8w,outoftime,infinity2408,black,1
UekmaWqY,resign,totmin,white,1
5CVSKIVs,timeout,sasa361,black,1
rtn4juqQ,mate,jrunubov,white,0
qJ0wmHan,resign,siervoinutil,black,1
bFxFeE1O,resign,alex400,black,1
A1XJB032,outoftime,cavaleiro-azul,white,0
Sf2a21hg,resign,ugurfurkan,white,1
HtfU83MH,outoftime,oguzhanakbulut,white,1
WEklAvzV,resign,christos55,black,0
mDwevmr8,outoftime,climate22eyezz,black,1
U2qLtMrX,outoftime,arbitr-23,white,1
vJMJ1yhG,outoftime,bekes-amed,black,0
TQQ61Wxv,outoftime,jowase,black,1
x6Rcga2w,mate,htc1_6302-15,white,0
8xhnR0qH,resign,waswo,black,0
4CPtfPOu,resign,waswo,white,0
Cy2tgdsP,resign,dietmarj,black,0
yyc3DVnt,resign,alexitowin,black,1
cq04Mcp5,resign,fox113,white,1
D2gObLdF,resign,d70010,white,0
1ffhN7LP,resign,badal_du,black,0
FISlaV7O,mate,uchihakalyan,black,0
MP5hVacl,resign,achwat,white,0
50tJsRSz,mate,achwat,black,0
Tjc9MXBI,resign,achwat,white,0
iLUFXY9w,resign,achwat,black,0
zDc2A2yY,resign,achwat,white,0
9npZwxnS,resign,achwat,black,0
0xzwQfKl,resign,jjphyschs,white,1
dhoLo38h,resign,jacklschnackl,white,0
FdYldKCJ,resign,cokingboy,black,0
eCdW3DFw,resign,cokingboy,white,0
hAN8Ab6f,resign,davod42,black,0
Yh2hfcjt,resign,sephiwe,black,0
lkh2Cooc,resign,raze_bh,white,1
7HDGqblX,timeout,zashym,white,1
096wkESR,resign,let_meee,white,0
AsKq59Dt,resign,let_meee,black,0
2xK9atcJ,mate,chevelles101,black,1
7U2Lq6JF,resign,chevelles101,white,0
DL892saa,resign,gibin,black,0
dTHOxclr,mate,mpsdon,white,0
hNgVuUsW,resign,fifi2033,black,0
q6FH4zMj,mate,fifi2033,white,0
BRbRj6yO,resign,toke2765,white,0
N8I2Qrrb,mate,toke2765,black,0
lifFvygO,resign,shiningseahorse,white,0
HG9houZ2,resign,ralungu,white,0
UH0zGo5S,outoftime,rojagrin,white,1
JW1OD7Dh,resign,rojagrin,black,0
3tYjMEtt,resign,srgm,black,1
tMNGmYVQ,resign,nn11n,white,0
Pcv8Am0K,resign,onemorecoffe,black,1
cHQHAR0O,resign,godspower681,white,0
1OtUKncO,resign,klinovec,black,1
cXrkaPTD,resign,klinovec,white,0
Oa0FUkB5,resign,klinovec,black,0
Geqjyoel,resign,violet_c,white,1
FFVHBqsK,resign,joker026,black,0
jsKvWO7U,mate,joker026,white,0
yzkN3dJx,mate,cliometra,black,0
McouhICW,mate,henrymc14,white,0
x7vWyzRR,resign,wazzamaro,white,1
C5DmQya5,resign,wazzamaro,black,1
CUPADXtb,mate,randy81,white,1
mAaUGVyx,resign,bigolyfn,black,1
6uNidZEp,stalemate,guendu,black,0
3TilnpaH,mate,letuanson1985,white,1
1GmygCrD,resign,chessdotcom_enjoyer,black,0
BCjK9EcO,resign,jonvallet,white,1
1Jk37QEf,draw,pfchangs,black,0.5
bHbtlfdi,outoftime,hanhid93,white,0
5xJv2uMY,resign,hanhid93,black,0
XnhdS6TL,mate,kunjali91,white,0
P0dpdBBk,resign,drashish1912,white,1
IOdx00Mq,resign,black_mist,white,1
vOg6iiGZ,resign,dannyb1986,black,1
LdbWH1DM,resign,sergey-cergey,black,0
EzrEiAlv,resign,john_od2020,white,0
7LHwt2A5,resign,rookeedc,white,1
lHFlMtJ4,mate,rookeedc,black,0
QnqoQfUZ,resign,juzik,white,0
XQsh0DSJ,mate,at1412,black,1
J4U3fsNF,resign,msa182023,white,0
TnSgsqpm,resign,arash1975,black,1
3MoTVOgw,resign,yellosub,black,0
tF83dDXY,resign,misterstelian,white,0
OdF6VSuy,resign,mindyng49,white,0
YPkkYRVM,mate,hl5219,black,1
CMA7k4AP,resign,mmetal2832,black,0
ifGqHKgr,resign,msg96,black,1
VCdFiG4F,resign,yourboyvhuchilo,white,0
Nbm257Xh,mate,navid-reza567,white,0
rmR42czk,resign,winetime,white,0
xfoMqydv,mate,stubbornpassedpawn,black,0
Y8B5Jpl7,resign,baltiisk,black,1
nYaP2KFb,resign,nsahin,white,0
MqxJaB06,resign,dhabbu81,black,1
yzbwaLna,resign,cucusoag,white,1
vpPjt75v,resign,aljoska,white,0
5mlL0TbI,mate,aljoska,black,0
SBwVQlqI,mate,aljoska,white,0
2AeC1gs0,resign,aljoska,black,0
63vrfDD3,mate,dweesprm,white,1
ImIS4j02,resign,eitaneru,white,1
c3TZwkXx,mate,ennediemme,black,0
fExC85oD,resign,rincewind_999,black,0
YtHiJOc4,resign,xazass,white,1
0frMAWjI,resign,chesspuerto,black,0
MRHv8G6s,resign,mo_elsab3,white,0
6B2eZKpO,resign,planbost,white,0
96AEb8ck,mate,erbol888,white,1
Hu9DxNb7,resign,stalnacke,black,0
0ky65inC,mate,bmkzmedikal,black,0
1qj8AB39,resign,turar_kuralbayev,black,1
qvMSnvd7,mate,ismatopius,white,1
QKwBVoDH,resign,ismatopius,black,0
pRW0qTos,mate,dozent777,white,1
ea1oLUDM,mate,atef7ibrahim,white,1
oCMrHS8C,resign,jeevak2100,white,1
N6XGxj0K,resign,virus_73,black,1
vdSkdCYH,draw,arsen_ss,white,0.5
wAQmh4Dx,resign,arsen_ss,black,1
bWTmvIwa,mate,hache01,black,1
pDuEle7Y,draw,new_horizon_1972,white,0.5
ntQKOWGU,resign,kopites,black,0
4ESQXHAL,outoftime,yash_127_0_0_1,white,1
ucKVE1tQ,resign,jayashree_konda8x8,black,1
n557EN0u,resign,vagusvagus,white,0
1fD419CX,stalemate,serednjac,black,0
0xFa4sSv,resign,serednjac,white,0
ebV8JGyN,resign,sergiodaniel38,black,1
rFhwGMZs,mate,lisavetachess,black,1
RMIzkgCg,resign,lisavetachess,white,1
nOoF0LgV,outoftime,salihguney,black,1
lYM2Dv9H,resign,donpedro11,white,0
g4NeHxED,outoftime,phcchess,white,1
3zLc5I1r,resign,nowhere5man,black,0
AckH7loK,resign,newguyinthegame,white,1
fPotywX0,resign,mh1353,black,0
b6NzPy7x,resign,ahmad-alhaji9988,black,0
XWicb8qH,resign,mazzamuz,white,0
Gy7yAt7b,mate,markusgambit69,white,0
Jatbu241,resign,suhayl007,black,0
9OUfedrw,resign,einschachaccount,black,1
CEU7pvj7,resign,matin_ra,white,0
NSVrKcWu,outoftime,hampak,black,1
CT6nXjda,resign,zhiuvsianm,black,0
GPTWKRBU,resign,zhiuvsianm,white,0
feBvSHvE,outoftime,jms58,white,1
EEiTJHJN,mate,veropm,white,1
bNAzgsG7,resign,grootroot,black,0
CJb7qyzy,resign,franciebbo,black,0
ZWGpRSxf,resign,a7medshaker,white,1
K4i8ogZO,resign,aftabhasan,black,1
Iky6ftut,resign,letsfairplay,white,1
6yh0Mmym,resign,aye_balam,black,1
Ub0tB9ar,outoftime,levshm,white,1
VolLjfFn,mate,ilphilo,black,0
tds3j4a1,resign,evgenisan,white,1
nf0AdXwb,mate,tatianad,black,1
SQ5ahnKv,resign,mura81,white,0
MDrZavCP,mate,mura81,black,0
RtPkHoCF,resign,galaxy-stranger,white,1
oOxF3rV9,resign,ninepoundhammer,white,1
Bu16xISt,resign,krumivan,black,0
TDdVcdjo,mate,oopa11,white,1
nHbE1Thk,resign,tekinozlu,black,0
xsibVtSB,resign,thalhito,black,0
OjMvDTJL,resign,abdallahmogahed111,black,0
IqkSRAjZ,mate,abdallahmogahed111,white,0
gODsPn1i,resign,ouzel,black,1
z868lhSB,draw,colhoznik1,white,0.5
lN10EtZB,resign,colhoznik1,black,0
h7kw2ho3,resign,ajit18,white,1
8DWiW2hZ,resign,mihhan,white,1
qtzE6ERL,resign,mihhan,black,0
KGzA8MG9,resign,ziad1957,white,1
zgw0pD58,mate,elidoreyes,black,1
ev6FLoKT,timeout,joebreak80,white,0
4sOCdkTH,resign,lgf530,white,1
VMAIC5Bp,mate,lgf530,black,0
aDC2w5iO,resign,pablooo456,white,0
gzJwgAtG,mate,jolebelge,white,1
dRJzGzQz,outoftime,nikolaifilatev,black,1
XxOLg5O0,resign,xdayer,black,0
GIyQDXVu,resign,kokitoo,white,1
njBBVtDW,resign,hiromiasato,white,1
VwgeP9tx,resign,luna2012,white,1
SlnFViaY,resign,eric2612,white,1
GeY93j7P,mate,eric2612,black,0
AqdKcjC0,timeout,el-gabry,black,0
LG5c4J3Z,timeout,sea_knot,black,0
XmKEaluc,mate,pkedn,black,1
PJmN8jt2,resign,lasha1984,white,0
ie3gkN01,resign,miga,white,0
OzYDFfj9,mate,mrezad97,white,0
1A88ge9G,resign,xyas,black,1
NYgRcqo4,timeout,ataturk8,black,1
peXW2vZ6,draw,henrimor,white,0.5
SK5SwsEt,mate,schelban,black,1
hSJVirs0,resign,eftekharahketfe,black,1
dcBvSah5,outoftime,viktor-spb,white,1
2r6pYowb,outoftime,thapelosa,white,0
dnSqyck7,resign,osmanosman72,white,1
HJayxK1w,resign,dereeler,black,0
t0CA8ZbQ,resign,rubenchu55,black,1
a54tFjwj,resign,tgauchess,black,0
eOkDl1oD,outoftime,sole2107,white,0
kTlqUHPw,resign,rulj777,black,0
PhVPADkr,resign,ruppi,white,1
yaW38Z1N,resign,bendunne,white,1
OnEsHO0d,resign,pepecorvina,black,0
7QEchPYX,mate,x_mohammad_x,white,1
ssufpQoF,resign,bazitovds,white,0
HL7lIQUT,outoftime,adm1968,black,1
WyrUQ0Yt,mate,sachin_for_chess,black,0
EOi540mD,outoftime,franky66,black,1
p22BMLBt,resign,chatting,white,0
Z4HwG7SN,mate,h8xi9,black,1
6u4K6RVk,mate,acrabash,white,1
3JNAi4k8,resign,avris,black,0
CK6wRwNd,resign,legwen93,white,1
rkO2C58p,mate,scottiegamby,white,1
oUcdR98A,resign,tromboneski,black,0
p9F9iDRx,resign,kourosh_af,black,0
4THVPYrV,mate,mr-blunde3r,black,1
IwxsErKw,resign,dammy442,white,1
V48a3A9K,resign,leumas22,black,1
L5iAcsl4,draw,lucyfer66,white,0.5
yS0bO4YG,resign,gudmi,white,0
CzBS5hzx,resign,selva_g,black,0
XJoT24lp,mate,carlesml,black,1
Roa2rc9v,resign,scahin22,white,1
ScMPyENg,resign,swedishfiish,black,1
WGGguSYs,outoftime,crapuccia,white,0
7R81QGat,mate,mervinj,white,0
yAv8vU6k,draw,alainvdk,black,0.5
ItNBWVL4,mate,ale61464173,black,0
584zoyOh,resign,stephx18,white,0
wfISD7RV,resign,obraericeala,white,1
gdD5jFCj,resign,kingphysics,white,0
k7SqeEXe,mate,osashahat,black,1
dXEOIto1,mate,mohit1988,white,1
FdeziDlo,resign,perhin,black,1
lWVW8mQK,resign,joses12,black,1
Qw5NPVwk,resign,nikhilsankhe,black,0
a9S0Kc3i,resign,nikhilsankhe,white,0
iXnEtjts,draw,hrki88,black,0.5
Fo64lZ4Y,resign,alf-e,white,1
kQ98yGQg,resign,merlin_1234,black,0
HMxiISdI,resign,knatta,white,0
IxapDns6,resign,afwofpaj,black,1
vJ4AO7ur,resign,pukri1107,white,1
BRgEDxAW,resign,dhananjay1500,black,1
CELVOdCD,mate,danielzamil,white,1
nK0CTeQ9,stalemate,mehdi110135,black,0
Z8yBhmkP,resign,oimm,white,1
bJh922zM,resign,monsieurdz,black,1
RGWP1CNp,resign,saidlyalahaylalah,white,0
NqwAsq7S,mate,gfibyby1,black,1
TBMZr4YH,resign,ellupo,white,0
rGUVnQcI,mate,salateeen,black,1
0IqVFwA7,resign,mamostafa,white,0
ZntkWgyv,resign,puffynacho,white,0
UfJDAHtb,resign,mat12309,black,1
b3DLan2X,mate,aebrown,white,0
rPTOdNCf,outoftime,baciulardelean,black,0
yGDsK8nq,resign,krimses,black,1
ZAb3w5Up,draw,evel96,white,0.5
FEXuTBGk,mate,mohamed_ahmed912,white,1
1HIJeLbI,resign,sharcman,black,0
4OgqaJdj,resign,beiragy,black,0
sbZXs8JF,outoftime,beiragy,white,1
JUBZ2p2z,resign,romanysh,white,1
4LERQlIa,resign,romanysh,black,1
GYuRIxNo,outoftime,seyhmus4747,black,0
Q2ZoEWex,resign,seyhmus4747,white,0
Rrw4fsWh,resign,papeira,white,0
fUO0mDtG,mate,rampalp,white,1
tBKrbmzc,mate,chesssuperbot,black,0
NQ4sxw8q,outoftime,stwolf1985,black,1
1FxfNbCX,resign,smb95,white,0
wBytxrVy,mate,rak3n,white,0
C1vxCncf,resign,bwazee,white,1
5aGrb6Uo,outoftime,bwazee,black,1
ba6bdHfM,resign,bwazee,white,1
efaxBpr1,mate,bwazee,black,0
4icCQz5Z,outoftime,alexri1,black,1
yQ1PTgQW,mate,rahmatlebong,black,1
YOXltawB,resign,rahmatlebong,white,0
oeqMNyoq,resign,volodymyrh,black,0
kyDIWoct,mate,trombonista12,white,1
ogqRrNVL,outoftime,erkk20,black,0
E4etAMtN,mate,aracery,white,0
Y7Iv3MqK,timeout,hitzdavid,black,1
eGHVFSP4,resign,bhramar11_03,black,1
yxML4Q0K,resign,radi69,white,1
Nv5DAh02,resign,jmil,black,0
8hvk2SY3,resign,xtqf,white,1
prPSOJY7,resign,chessxdamon,black,0
98MqSnkI,outoftime,rinaldsberna,white,0
wI6H3Dcj,mate,griseocattus,black,1
5XAKVpGu,mate,akshaychess25,white,1
tyzOfWvP,resign,stephx18,black,1
sft2Znbe,resign,shakkikakki,white,0
XtlpwqE5,resign,shakkikakki,black,0
iiF5vs52,resign,ada2021,white,0
gUQe92rR,resign,drjooo26,white,0
nt4eGzMa,resign,gmarts,black,0
x2epIM0K,mate,korkmaz25,white,1
ZFFmTAsl,mate,ataturk8,white,1
sm50O3Y2,resign,ataturk8,black,0
ARg8lBWf,resign,ultrahk,white,0
FeAMM1O8,mate,schildkrote1969,white,0
jwOMoJcZ,outoftime,jpries,black,0
9kAH6lMP,resign,guido14,black,0
Ny6wdLyM,outoftime,andre851994,black,1
MzrEaxBq,timeout,ajohndlawrence,white,1
iRe1wE4H,resign,viragd83,black,1
w5Ybse8b,outoftime,munzir22,white,0
zGKDLEAX,resign,pochtalyon,black,0
yPgtdprt,outoftime,antadze,white,0
vwm9LCoP,resign,kanestorm11,black,0
pWLNrP5F,draw,jluis56,white,0.5
gZkOtYe6,resign,mcnohutpilavcisi,white,1
MWKCFCHn,outoftime,gayoso96,black,0
v44K5Hu8,resign,b19163,white,0
Y01NspjJ,resign,b19163,black,0
kFp2cukn,mate,fabrizioxl,black,0
vVHPwU9u,mate,eavr,white,1
CUMI18S3,resign,eavr,black,0
9p8u8vHH,resign,eavr,white,0
1pnuN9V4,mate,nostha89,white,1
dUeZDDli,resign,turmoll,black,0
KBIba96Q,resign,kemaltemiz1,black,1
vvNAhsGj,mate,clestonlipe,white,0
JcPxrbHT,resign,rosahmat,white,1
TOND61O9,resign,bandit0089,black,0
EMiBSjto,resign,ash9teen,black,0
SxWsaBRy,resign,jade25,white,0
yM1Bk2Eg,resign,dastrubadurix,black,0
WUaUeGKW,resign,kittykarma,white,1
9mTJdjNM,resign,dhjsjsjsk,black,1
INNCJ6TK,resign,gimar,white,0
RZxAM0lA,outoftime,vianno,white,1
2zgneW8K,draw,tort98,black,0.5
0LfWML06,resign,szgy,black,1
pkXAXPZ2,resign,violettazzz,white,0
TW54vevv,mate,frozenguy,black,1
EPuiwlbX,outoftime,arashusefzadeh,white,1
6BHtQkGr,resign,behu007,white,0
peKZgfxP,resign,vinseiroja2,black,0
uT8MB8V7,outoftime,audioecos,white,1
Cgu0jpL7,mate,go4you,black,1
SebwjElY,resign,samenerve974,black,1
WStWaKfL,resign,mr_antares,white,0
ExdoAEu2,resign,emanuelsena,white,1
HvjT73sS,resign,notehunter,black,1
RkUaDNZr,resign,gajamu,black,1
chC1gnI1,resign,rudi401,white,0
D1TWQToD,resign,omegaknight2003,black,1
xF4Aq4ih,resign,tijsadams,white,1
O7jEMUmh,mate,kuminalli,white,1
20Ws6zAy,timeout,yuri_64,black,1
rBPEEAO4,outoftime,cigi999,black,1
v99BnPDm,outoftime,aaaqwerty,white,0
XIPRaYBv,outoftime,johnny24689,white,0
K2zBS9TY,mate,dmitrypr777,white,0
hn16rWMY,resign,oproduman777,black,1
wQt4jJhG,resign,danieldak89,white,0
T44Wooe4,outoftime,ihdefix,black,1
sFwmZsbc,resign,mdoobies,white,0
VcOJT3HJ,mate,babypulpo,black,1
TJgkPgAh,resign,gavranitis,white,0
RGe6ptq0,resign,uniquecornss,black,1
SULf5EJr,resign,nuka22,white,0
zog8xQQd,mate,alexplastico,black,1
PD6Ggfib,resign,smearp,white,0
qkxdPGbr,mate,bhushan-patkari,black,1
9oIAeqTh,draw,zeus92000,white,0.5
u7px7u1a,resign,chglion,black,0
FPzhDDy0,resign,grapes97223,white,0
BMxYIFMY,resign,el-tor0,black,0
c8ct7hF6,mate,ahmadgurran,black,1
kNNQ6W5A,resign,bohmoh,white,0
9nTfb5S5,resign,anilkumarmyla,white,0
FSagNxnM,outoftime,k1rpichik,black,1
GcC2ey8A,resign,veysel01,black,0
bw3LT6yZ,resign,holix789,black,1
J4nz704y,outoftime,ozcan26,white,1
HabQKgGu,resign,tsk432,white,0
weDQNA7a,draw,ilyzvo,black,0.5
QQm0gmcT,resign,skilldeliver,black,1
rpgjUwTZ,resign,skilldeliver,white,0
039S1Suq,resign,top99,black,1
yxPtn0jf,resign,xfeelix,black,0
qjuXkcsA,resign,emperosaurio,black,0
7EkgGyf9,resign,killua1219,white,0
SUZxrXoJ,resign,hansemann,white,1
UaFz4MBD,mate,arshia1372,black,0
DrLZms3h,resign,dzabar,white,1
gtUMq0px,resign,hectorbellerin2121,black,1
FOGVrMgT,mate,ivan_who,black,1
o5xSP0vR,mate,ivan_who,white,0
FCaxwm0N,mate,mparie98,white,0
B6nv79mS,mate,mparie98,black,0
eekdBoOM,resign,holala,white,1
hTfFnzAA,resign,darkpattern,black,1
N62We7pH,resign,prohor007,black,1
VRCuoWgx,outoftime,laskarif,white,0
7ni6v0qx,mate,leonid77_chess,white,1
lZht6Eq3,resign,mzanda,white,0
6mj12J8W,resign,cerpan,black,0
2Ldsk5AP,mate,oupa73,white,1
auZZMPFq,resign,alaaragab,white,0
sAiHvyjV,mate,alaaragab,black,0
wQLzG2YN,mate,melime666,white,1
bmXtxXcI,resign,melime666,black,0
A1kQ8ekv,resign,melime666,white,0
oWzwYfGC,resign,edotomassini,black,0
g3dqE0Rd,mate,javote1962,white,1
5DYyiKmy,mate,contagiousnoob,black,0
0LMcUphV,mate,sossa11,black,1
iRW5r5lf,outoftime,ogxdani3333,white,0
ISWTxTGT,mate,carlosandresrestrepo,black,1
nV7zFQvW,mate,jakaz,white,1
ecm5SQxJ,mate,cafo84,black,1
zUOmSUjK,resign,alizee2308,black,0
eS2ryA8L,mate,daris1234,white,1
UFzAY99h,outoftime,curimin,white,1
3i4U6Lyd,resign,curimin,black,0
wLy7zIen,resign,curimin,white,0
VkLdwvov,resign,curimin,black,0
waLmm1kt,resign,starvader218,white,1
fi7Yz2ff,resign,mytsyaispat,white,0
bw68C9v3,mate,indranshu12345,white,1
e2AahBcL,resign,indranshu12345,black,1
hJ0j8qgR,resign,womiki89,white,0
qHAhtqHT,resign,hangonjim,black,0
WGAOjQUw,outoftime,mrarmada,white,1
no2vR0tw,resign,h3r3d14,black,0
tWjM8IqZ,resign,sam455,white,0
oVPC3X4L,mate,sam455,black,0
OxthKE9z,outoftime,drhghoname,white,1
F1CNBg8I,resign,drhghoname,black,0
HQzSpOTm,resign,drhghoname,white,0
EyjXjmxA,draw,silvester42,white,0.5
y86Q2vNC,resign,catana3547,black,0
G6dFn13I,mate,jprgwr,black,1
anWFfkaW,draw,jonayed,white,0.5
yvHqDicC,mate,lelek32,white,1
BHgb98Nn,resign,richmman,black,0
DWg9vvOt,resign,ythas30,white,0
H4hu74M7,resign,teresatan,black,0
V7AICFu6,resign,mortenhi,black,0
JuBDruoI,resign,mortenhi,white,0
fSdVvvWi,resign,malapase,black,1
MeF1ZvUe,mate,xseven001,black,0
bJFyuSTC,resign,mrtgupta,white,0
gmMsZAtY,draw,rotwein05,white,0.5
8yltt802,mate,nether2022,black,0
RgpAw2s5,mate,mikelandjeloice,black,0
JhpoCm11,outoftime,ezekeriya,white,1
yfuOfuM0,mate,angelito818,black,1
PGxIhYgB,mate,mhd80,white,1
EcdH9anQ,mate,lechab,white,1
1uMSHccs,resign,lechab,black,0
zdnbSIuT,draw,sadiqchaudhrymunir,white,0.5
64foP1mj,resign,rasam877,white,0
KXPITBgR,resign,rasam877,black,0
DPw8agai,outoftime,ivahkaaa,black,1
Shf0eCDz,resign,caturlawas,white,1
vm0REGoU,mate,stitch_hulk,white,0
CZGjWKXW,resign,mavusa,black,1
lluoSmcC,resign,zuvedra,black,0
UskSnmAP,resign,quatro55,white,0
UZ78WEaX,resign,obelisko777,black,1
tOlbXkqc,mate,nofilumer,white,0
orpnjawS,resign,rdvnpdr,white,0
aq6Gk6vY,mate,ramsin,black,0
72A8xmZ4,resign,tammi,white,0
Cp2XAYUt,resign,pctkany,black,0
WWBnibhO,resign,dhritishmand,white,0
wBo61ReR,outoftime,abderrazk,black,0
bHlQuNV7,resign,sultan250,black,0
ffG2mHHQ,resign,ngsreejan,white,0
Zwo7XOR0,resign,atzucac,black,0
cPmZN78K,outoftime,mikmolathegreat,white,0
pkpXxzNo,resign,asturiax,white,1
y4urkMjH,mate,nikolaj70,black,1
blbdZ7qU,mate,mrmax23,white,1
kHzLCInQ,resign,kjf,black,0
pvwxWbpz,draw,chu0000,black,0.5
nwMIWDD2,resign,supersonic6,white,1
